time,q0_real,q1_real,q0_target,q1_target,triggered,bits_used
0.0,0.0,0.0,0.0,0.0,0,0
0.004166666666666667,0.003260538812048274,-2.768247175565381e-05,0.004166618441525474,-1.73610106419253e-05,1,16
0.008333333333333333,0.007293517199555901,-6.284895725552251e-05,0.00833294753622253,-6.944283694904074e-05,1,16
0.0125,0.011179217708607133,-9.863729096918383e-05,0.012498697957356166,-0.00015624186214868718,0,0
0.016666666666666666,0.015056210273878842,-0.00013718435326327713,0.01666358041837681,-0.0002777520585657278,0,0
0.020833333333333332,0.019060232669654266,-0.00018062256698212872,0.020827305693009543,-0.00043396498804093575,0,0
0.025,0.023323961355007427,-0.00023111919829306917,0.024989584635339165,-0.0006248698025168586,0,0
0.029166666666666667,0.027977375307641494,-0.00029084532405026283,0.029150128199889616,-0.0008504532447915492,1,16
0.03333333333333333,0.03210729019634117,-0.0003531826892479816,0.0333086474616965,-0.0011106996494388288,1,16
0.0375,0.036098405610537225,-0.0004225295487409208,0.03746485363637117,-0.001405590943896251,0,0
0.041666666666666664,0.04008741168251189,-0.0005012421695611193,0.041618458100155124,-0.0017351066497202638,0,0
0.04583333333333333,0.044208255656109925,-0.0005916341417352069,0.045769172409963164,-0.002099223884008128,0,0
0.05,0.048591807972328066,-0.0006960938811318264,0.04991670832341408,-0.0024979173609870897,0,0
0.05416666666666667,0.05336621562233026,-0.0008170024017189437,0.054060777818847335,-0.002931159393770477,1,16
0.058333333333333334,0.057616461062513544,-0.0009479539174491676,0.05820109311532449,-0.003398919896279995,1,16
0.0625,0.06172537344802236,-0.0010935561422833607,0.062337366692613846,-0.003901166385335497,0,0
0.06666666666666667,0.06582767384349718,-0.0012563955784394415,0.06646931131115703,-0.004437863982910295,0,0
0.07083333333333333,0.07005557721039485,-0.0014389666059508492,0.07059664003201609,-0.005008975418553718,0,0
0.075,0.07453792307015113,-0.00164389333123462,0.07471906623679961,-0.005614461031978879,1,16
0.07916666666666666,0.07900040494407597,-0.0018703945383498728,0.07883630364756676,-0.006254278775816968,1,16
0.08333333333333333,0.08357442544446518,-0.002121140510180761,0.08294806634670751,-0.0069283842185374755,1,16
0.0875,0.08734761535948493,-0.002390028546181806,0.08705406879679797,-0.007636730547533277,1,16
0.09166666666666666,0.09110572612883004,-0.0026853553774140947,0.0911540258604292,-0.008379268572371756,1,16
0.09583333333333333,0.09497866936348381,-0.0030099026613649538,0.09524765282000835,-0.009155946728210684,1,16
0.1,0.09869258448386793,-0.0033630963378350315,0.09933466539753061,-0.009966711079379187,1,16
0.10416666666666667,0.10237926867411157,-0.00374782809401569,0.10341477977432052,-0.010811505323123138,1,16
0.10833333333333334,0.10616757538026893,-0.004166994992731873,0.10748771261074165,-0.01169027079351509,1,16
0.1125,0.11018291949688162,-0.004623526396690365,0.11155318106587273,-0.012602946465528342,1,16
0.11666666666666667,0.11454819719693742,-0.005120377613054342,0.11561090281714928,-0.013549468959274669,1,16
0.12083333333333333,0.11898322984709798,-0.0056571436081476,0.1196605960799693,-0.014529772544405739,1,16
0.125,0.123212820054432,-0.006233493591920493,0.12370197962726147,-0.015543789144677633,1,16
0.12916666666666665,0.12736679871198908,-0.0068525540503922705,0.12773477280901466,-0.01659144834267834,1,16
0.13333333333333333,0.13157175132826157,-0.007517480020950266,0.13175869557176753,-0.01767267738471806,1,16
0.1375,0.13595120464694505,-0.008231447682083157,0.13577346847805644,-0.018787401185881014,1,16
0.14166666666666666,0.13982662407399488,-0.008990907168150177,0.13977881272582077,-0.019935542335240197,1,16
0.14583333333333334,0.14333135194171187,-0.009799177440870294,0.14377445016776408,-0.021117021101232814,1,16
0.15,0.14723389385604366,-0.010664998179039377,0.14776010333066977,-0.02233175543719701,1,16
0.15416666666666667,0.15100974445688023,-0.01158628430766302,0.15173549543467,-0.023579660987069928,1,16
0.15833333333333333,0.15478317590325077,-0.012566444133025934,0.15570035041246616,-0.02486065109124541,1,16
0.1625,0.15867533372919507,-0.013608899229623321,0.15965439292850048,-0.026174636792592132,1,16
0.16666666666666666,0.1628037006583797,-0.014717115575804334,0.1635973483980761,-0.02752152684263115,1,16
0.17083333333333334,0.16648745434582973,-0.015887875949381194,0.16752894300642565,-0.028901227707872512,1,16
0.175,0.16985463837169595,-0.017124776042923194,0.17144890372772567,-0.030313643576310556,1,16
0.17916666666666667,0.17366438588762517,-0.018436805672282494,0.17535695834405704,-0.03175867636407759,1,16
0.18333333333333332,0.17738997904190112,-0.019822232339689723,0.1792528354643086,-0.03323622572225521,1,16
0.1875,0.18114973621284539,-0.021284763811686147,0.18313626454302379,-0.03474618904384286,1,16
0.19166666666666665,0.1850584629408992,-0.022828125744391067,0.1870069758991883,-0.03628846147088338,1,16
0.19583333333333333,0.1884389425451155,-0.02444942774923147,0.19086470073495804,-0.03786293590174472,1,16
0.2,0.19204542543833603,-0.026157843588550223,0.19470917115432526,-0.03946950299855745,1,16
0.20416666666666666,0.19598436585717718,-0.027957236956958557,0.19854012018172246,-0.04110805119480776,1,16
0.20833333333333334,0.19973351667276448,-0.02984623957521763,0.20235728178056236,-0.04277846670308488,1,16
0.2125,0.20340813162888127,-0.031828816792679675,0.20616039087171237,-0.04448063352298315,1,16
0.21666666666666667,0.2077396516380023,-0.03391423223303313,0.2099491833519029,-0.046214433449157544,1,16
0.22083333333333333,0.2121999985143269,-0.03610135564734024,0.21372339611206767,-0.04797974607953215,1,16
0.225,0.2161223334505177,-0.03838777391273273,0.21748276705561512,-0.04977644882366156,1,16
0.22916666666666666,0.21962696986138858,-0.040777627817200165,0.22122703511662936,-0.051604416911243844,1,16
0.23333333333333334,0.22343846316801677,-0.04328025106443491,0.22495594027799984,-0.05346352340078536,1,16
0.2375,0.22704436319372812,-0.04589478860117438,0.22866922358947772,-0.055353639188415904,1,16
0.24166666666666667,0.23115299689927232,-0.04863059460037129,0.23236662718565876,-0.05727463301685426,1,16
0.24583333333333332,0.23524996739944457,-0.051487015616650395,0.23604789430389017,-0.059226371484523255,1,16
0.25,0.23869325989481466,-0.05446218238507129,0.2397127693021015,-0.06120871905481362,1,16
0.25416666666666665,0.24218737891128245,-0.0575654496635934,0.24336099767655736,-0.06322153806549635,1,16
0.2583333333333333,0.24582415249460174,-0.06080125859398995,0.24699232607953123,-0.06526468873828234,1,16
0.2625,0.24968947251421214,-0.06417415485076955,0.25060650233689896,-0.06733802918852938,1,16
0.26666666666666666,0.25329595274958305,-0.06768395617700847,0.2542032754656506,-0.06944141543509486,1,16
0.2708333333333333,0.2573028611685587,-0.07133997596106524,0.2577823956913199,-0.07157470141033478,1,16
0.275,0.26122467201021166,-0.07514228460995982,0.2613436144653296,-0.07373773897024716,1,16
0.2791666666666667,0.2644670315519936,-0.07908982773572319,0.26488668448225156,-0.07593037790475943,1,16
0.2833333333333333,0.267679128990718,-0.0831918080203283,0.26841135969698066,-0.07815246594816028,1,16
0.2875,0.2709412686837638,-0.0874530220272628,0.2719173953418213,-0.08040384878967294,1,16
0.2916666666666667,0.27432723257902397,-0.09187833339835241,0.2754045479434849,-0.08268437008417151,1,16
0.29583333333333334,0.2779042595949905,-0.09647265833687964,0.27887257533999776,-0.08499387146303816,1,16
0.3,0.28173250134535877,-0.10124094443982332,0.2823212366975177,-0.08733219254516084,1,16
0.30416666666666664,0.28537939454199956,-0.10618418417777505,0.2857502925270586,-0.08969917094807078,1,16
0.30833333333333335,0.288802390732577,-0.11130638343619184,0.2891595047011215,-0.09209464229921904,1,16
0.3125,0.29207841688184205,-0.1166125932743687,0.2925486364702311,-0.09451844024739103,1,16
0.31666666666666665,0.29527750688643234,-0.1221079362233545,0.29591745247937645,-0.09697039647425898,1,16
0.3208333333333333,0.2984630230182623,-0.12779758908592215,0.29926571878435526,-0.09945034070607028,1,16
0.325,0.3016913652586102,-0.13368679485324064,0.3025932028680198,-0.10195810072547207,1,16
0.32916666666666666,0.305012138493886,-0.13978085981929983,0.30589967365642357,-0.10449350238347088,1,16
0.3333333333333333,0.3084682135667681,-0.14608518443631535,0.3091849015348685,-0.10705636961152598,1,16
0.3375,0.31161292972563975,-0.15260110701767027,0.31244865836384994,-0.1096465244337766,1,16
0.3416666666666667,0.3145154624378402,-0.1593340346982867,0.3156907174948997,-0.11226378697940081,1,16
0.3458333333333333,0.3171900605285042,-0.1659638008048916,0.31891085378632544,-0.11490797549510717,1,16
0.35,0.32004798830156417,-0.17249915382107076,0.3221088436188455,-0.11757890635775575,1,16
0.3541666666666667,0.32316294065328394,-0.17927162968612884,0.3252844649111179,-0.1202763940871101,1,16
0.35833333333333334,0.3261846347867841,-0.18595848849317473,0.32843749713516235,-0.12300025135871745,1,16
0.3625,0.3291604039406266,-0.19256566151678947,0.33156772133167484,-0.12575028901691743,1,16
0.36666666666666664,0.3321319305179516,-0.19909901738429714,0.3346749201252331,-0.12852631608797793,1,16
0.37083333333333335,0.3348124038545839,-0.20588697404968068,0.3377588777393918,-0.1313281397933569,1,16
0.375,0.33749627177622815,-0.21261170189121795,0.34081938001166706,-0.13415556556308955,1,16
0.37916666666666665,0.34021588814719655,-0.2192791303704328,0.3438562144084089,-0.13700839704930046,1,16
0.3833333333333333,0.34299966302479823,-0.22589518281008136,0.3468691700395602,-0.13988643613983842,1,16
0.3875,0.3458724133061343,-0.23246578880570606,0.34985803767330176,-0.1427894829720343,1,16
0.39166666666666666,0.3486138134301241,-0.2389949046408214,0.3528226097505825,-0.14571733594658037,1,16
0.3958333333333333,0.3515253853226629,-0.24581572291669807,0.3557626803995328,-0.14866979174153,1,16
0.4,0.35435972433436125,-0.2526065710926201,0.3586780454497614,-0.1516466453264173,1,16
0.4041666666666667,0.35736492279949095,-0.25937514935222594,0.3615685024465336,-0.15464768997649514,1,16
0.4083333333333333,0.3600774172715533,-0.26612367731775144,0.3644338506648308,-0.1576727172870912,1,16
0.4125,0.3627441025538769,-0.27285951891526855,0.36727389112328923,-0.16072151718808003,1,16
0.4166666666666667,0.3653892048252503,-0.27958859346584525,0.37008842659801855,-0.16379387795847167,1,16
0.42083333333333334,0.3680342083148991,-0.28631683929482565,0.37287726163629725,-0.16688958624111383,1,16
0.425,0.37069807293357887,-0.29305021849813756,0.37564020257014635,-0.1700084270575089,1,16
0.42916666666666664,0.3733975942750444,-0.2997946951811486,0.37837705752977796,-0.1731501838227424,1,16
0.43333333333333335,0.376147495462403,-0.3065562628988798,0.38108763645691984,-0.1763146383605238,1,16
0.4375,0.37896065079116276,-0.31334094279598307,0.38377175111801354,-0.17950157091833746,1,16
0.44166666666666665,0.3818482524570223,-0.32015478345571896,0.38642921511728623,-0.18271076018270316,1,16
0.4458333333333333,0.3844660351134103,-0.3270010228682464,0.3890598439096949,-0.18594198329454503,1,16
0.45,0.3869979610102149,-0.33388659224109096,0.3916634548137417,-0.1891950158646678,1,16
0.45416666666666666,0.38946279192110633,-0.3408174234141328,0.39423986702416014,-0.19246963198933909,1,16
0.4583333333333333,0.39187737141321094,-0.3477994727005144,0.396788901624471,-0.19576560426597744,1,16
0.46249999999999997,0.3942568695123124,-0.3548387368676538,0.39931038159940707,-0.19908270380894372,1,16
0.4666666666666667,0.3966148309139095,-0.3619412416392518,0.4018041318472056,-0.20242070026543613,1,16
0.4708333333333333,0.39896333943886814,-0.36911304808798817,0.40426997919176816,-0.20577936183148654,1,16
0.475,0.40131313532484325,-0.37636023915733513,0.40670775239468687,-0.2091584552680582,1,16
0.4791666666666667,0.40367370480333115,-0.38368893977650087,0.40911728216713567,-0.21255774591724286,1,16
0.48333333333333334,0.40605343213941114,-0.3911053070021576,0.41149840118162634,-0.21597699771855572,1,16
0.4875,0.4083141673751549,-0.398614370341586,0.4138509440836288,-0.2194159732253293,1,16
0.49166666666666664,0.41057713836679405,-0.4054091119079755,0.4161747475030536,-0.22287443362120202,1,16
0.49583333333333335,0.41285733991302154,-0.41149571952285163,0.4184696500655972,-0.226352138736703,1,16
0.5,0.4151820662596178,-0.4172055076467,0.42073549240394825,-0.22984884706593012,1,16
0.5041666666666667,0.41756081537479844,-0.4225440055826489,0.422972117168855,-0.23336431578332134,1,16
0.5083333333333333,0.420002524413076,-0.4275166602278724,0.42517936904005216,-0.23689830076051743,1,16
0.5125,0.4225156789615527,-0.43212884104533,0.4273570947370467,-0.2404505565833151,1,16
0.5166666666666666,0.4251084018376547,-0.4363858435923314,0.42950514302976267,-0.24402083656870988,1,16
0.5208333333333334,0.42757369199900347,-0.44110515581441223,0.431623364749043,-0.24760889278202658,1,16
0.525,0.43012979641757176,-0.4454794361273156,0.4337116127970085,-0.2512144760541365,1,16
0.5291666666666667,0.43278338696286356,-0.4495139796233596,0.43576974215727265,-0.2548373359987616,1,16
0.5333333333333333,0.435541009341817,-0.45321400732737,0.4377976099050127,-0.2584772210298617,1,16
0.5375,0.4381605044707331,-0.45739669880906114,0.4397950752168945,-0.2621338783791056,1,16
0.5416666666666666,0.4408923939232057,-0.4612548107736109,0.44176199938085176,-0.2658070541134248,1,16
0.5458333333333333,0.4436973387672578,-0.4647932428069503,0.4436982458057192,-0.26949649315264723,1,16
0.55,0.4461389638332438,-0.4680137194102859,0.4456036800307177,-0.27320193928721137,1,16
0.5541666666666667,0.44827816857498404,-0.470920758454577,0.4474781697347917,-0.2769231351959578,1,16
0.5583333333333333,0.45017259375481944,-0.4735189811451998,0.44932158474579853,-0.2806598224639995,1,16
0.5625,0.45183419688441306,-0.47581272923342777,0.4511337970495476,-0.2844117416006669,1,16
0.5666666666666667,0.4537560035649509,-0.47821691736338623,0.45291468079869057,-0.2881786320575277,1,16
0.5708333333333333,0.4554588843087558,-0.48032600597994707,0.4546641123214606,-0.2919602322464807,1,16
0.575,0.45742764910521566,-0.48255482078373096,0.4563819701302605,-0.2957562795579213,1,16
0.5791666666666666,0.45918991067107884,-0.48449787386299475,0.4580681349300995,-0.2995665103789785,1,16
0.5833333333333334,0.46080847813236775,-0.4865668044007361,0.45972248962687756,-0.30339066011182114,1,16
0.5875,0.462288668609856,-0.4887660509129283,0.4613449193355165,-0.307228463192032,1,16
0.5916666666666667,0.46363567635609465,-0.4911001232131614,0.4629353113879387,-0.3110796531070509,1,16
0.5958333333333333,0.4648545891203127,-0.4935735893499878,0.4644935553408907,-0.31494396241468126,1,16
0.6,0.46603078305394446,-0.4961916738218715,0.46601954298361314,-0.3188211227616632,1,16
0.6041666666666666,0.4671675580860384,-0.49895912066645876,0.4675131683453552,-0.32271086490230844,1,16
0.6083333333333333,0.46826801687563946,-0.5018807162007323,0.46897432770273373,-0.3266129187171982,1,16
0.6125,0.46933507140130937,-0.5049612901560827,0.47040291958693603,-0.3305270132319414,1,16
0.6166666666666667,0.4703714429467734,-0.5082057157939177,0.47179884479076656,-0.33445287663599166,1,16
0.6208333333333333,0.47137966258184805,-0.511618910052426,0.4731620063755359,-0.3383902363015239,1,16
0.625,0.4723620721735817,-0.5152058337166309,0.4744923096777931,-0.34233881880236566,1,16
0.6291666666666667,0.4733208259477553,-0.5189714916065227,0.4757896623158989,-0.34629834993298586,1,16
0.6333333333333333,0.4742578926152358,-0.5229209327781859,0.4770539741964416,-0.35026855472753604,1,16
0.6375,0.47517505807176746,-0.5270592507329468,0.47828515752049294,-0.3542491574789455,1,16
0.6416666666666666,0.476073928673664,-0.5313915836296746,0.47948312678970595,-0.3582398817580672,1,16
0.6458333333333334,0.4769559350856153,-0.5359231144954679,0.48064779881225167,-0.36224045043287467,1,16
0.65,0.47782233669052426,-0.5406590714300482,0.4817790927085965,-0.3662505856877063,1,16
0.6541666666666667,0.47867423771908585,-0.5456047254368264,0.482876929917119,-0.37027000904255886,1,16
0.6583333333333333,0.47951255821583705,-0.5507653978397442,0.4839412341995653,-0.37429844137242574,1,16
0.6625,0.4803380756241371,-0.5561464530403415,0.48497193164634356,-0.3783356029266809,1,16
0.6666666666666666,0.4811514189425292,-0.5617533011715686,0.48596895068165635,-0.3823812133485053,1,16
0.6708333333333333,0.48195307557399547,-0.5675913982091443,0.4869322220684714,-0.3864349916943567,1,16
0.675,0.48274339856115167,-0.5736662460431093,0.48786167891332954,-0.39049665645347925,1,16
0.6791666666666667,0.4835226141509906,-0.5799833925116187,0.48875725667098996,-0.39456592556745224,1,16
0.6833333333333333,0.4842908296374695,-0.5865484313924141,0.4896188931489128,-0.3986425164497782,1,16
0.6875,0.48504116458264745,-0.5930417207524271,0.49044652851157783,-0.4027261460055064,1,16
0.6916666666666667,0.48577282086751744,-0.5993875202561318,0.4912401052846397,-0.4068165306508921,1,16
0.6958333333333333,0.48648676609576536,-0.6055914425908211,0.4919995683589191,-0.41091338633308994,1,16
0.7,0.48718379526266414,-0.6116590595418709,0.49272486499423007,-0.41501642854987947,1,16
0.7041666666666666,0.4878645408724713,-0.6175959017097004,0.4934159448230422,-0.4191253723694224,1,16
0.7083333333333334,0.48852948453737693,-0.6234074599524881,0.49407275985397836,-0.4232399324500492,1,16
0.7125,0.4891789673061685,-0.6290991867928087,0.49469526447514767,-0.42735982306007436,1,16
0.7166666666666667,0.48981319888943653,-0.6346764977892339,0.49528341545731264,-0.43148475809763903,1,16
0.7208333333333333,0.4904322659262722,-0.6401447728737871,0.4958371719568915,-0.43561445111057895,1,16
0.725,0.4910361394181723,-0.6455093576562474,0.49635649551879424,-0.4397486153163167,1,16
0.7291666666666666,0.4913661118099149,-0.6509772949202177,0.4968413500790934,-0.44388696362177715,1,16
0.7333333333333333,0.4914803484177112,-0.656554188867691,0.4972917019675282,-0.4480292086433245,1,16
0.7375,0.49163895552057063,-0.6622470734835301,0.49770751990984297,-0.45217506272671926,1,16
0.7416666666666667,0.4918396271570627,-0.6680613070889467,0.49808877502995885,-0.45632423796709365,1,16
0.7458333333333333,0.492080042206668,-0.6740022332483405,0.49843544085197894,-0.46047644622894585,1,16
0.75,0.49211285479111394,-0.6800736431204571,0.4987474933020272,-0.46463139916614854,1,16
0.7541666666666667,0.4921842567028256,-0.6862825395583029,0.49902491070992006,-0.4687888082419731,1,16
0.7583333333333333,0.4922917911428962,-0.6926342809272298,0.49926767381067116,-0.47294838474912676,1,16
0.7625,0.492429955047858,-0.6989307978813252,0.4994757657458294,-0.4771098398298014,1,16
0.7666666666666666,0.49259648364322045,-0.7051775122436119,0.49964917206464965,-0.48127288449573324,1,16
0.7708333333333334,0.49278914033437277,-0.7113798170422446,0.49978788072509606,-0.48543722964827146,1,16
0.775,0.49300570489132384,-0.7175430780072839,0.4998918820946785,-0.4896025860984538,1,16
0.7791666666666667,0.49324397074736387,-0.7236726383701536,0.49996116895112147,-0.4937686645870897,1,16
0.7833333333333333,0.49350174271594605,-0.7297738196506746,0.49999573648286555,-0.49793517580484725,1,16
0.7875,0.49377683505498055,-0.7358519224255645,0.49999558228940155,-0.5021018304123441,1,16
0.7916666666666666,0.49406706985169924,-0.7419122270805789,0.4999607063814374,-0.5062683390602404,1,16
0.7958333333333333,0.49437027570513864,-0.7479599945462712,0.4998911111808971,-0.5104344124093321,1,16
0.8,0.4946842866851946,-0.754000467017359,0.49978680152075255,-0.5145997611506444,1,16
0.8041666666666667,0.4950069470606633,-0.7600388657009288,0.49964778464468845,-0.5187640960255218,1,16
0.8083333333333333,0.49533609331560313,-0.7660804007625133,0.4994740702065986,-0.522927127845716,1,16
0.8125,0.4956695722670888,-0.7721302623093763,0.4992656702699158,-0.5270885675134681,1,16
0.8166666666666667,0.49600523443698225,-0.7781936244202045,0.4990225993067741,-0.5312481260415848,1,16
0.8208333333333333,0.49634093411315616,-0.7842756457906422,0.49874487419700386,-0.5354055145735065,1,16
0.825,0.4966745296016421,-0.7903814703522674,0.49843251422695944,-0.5395604444033669,1,16
0.8291666666666666,0.49700388364085263,-0.7965162278741157,0.4980855410881798,-0.5437126269960423,1,16
0.8333333333333334,0.49732686396412645,-0.8026850345463439,0.49770397887588247,-0.5478617740071878,1,16
0.8375,0.497641343997163,-0.808892993545485,0.4972878540872899,-0.5520075973032618,1,16
0.8416666666666667,0.49794520367710793,-0.8151451955806429,0.4968371956197897,-0.5561498089815348,1,16
0.8458333333333333,0.4982363303801754,-0.8214467194198489,0.49635203476892753,-0.5602881213900825,1,16
0.85,0.49851261994475754,-0.8278026323956775,0.4958324052262343,-0.5644222471477623,1,16
0.8541666666666666,0.4987719778048356,-0.8342179882213675,0.49527834307688606,-0.5685518991641688,1,16
0.8583333333333333,0.4990123200813744,-0.8406978360387726,0.4946898867971982,-0.5726767906595717,1,16
0.8624999999999999,0.49923157489379294,-0.8472472116295209,0.4940670772519538,-0.5767966351848302,1,16
0.8666666666666667,0.49942456355086273,-0.8535458999479402,0.49340995769156537,-0.5809111466412861,1,16
0.8708333333333333,0.4995925379959537,-0.8599244591632078,0.4927185737490716,-0.5850200393006302,1,16
0.875,0.49973343760200106,-0.8663878543851223,0.49199297343696846,-0.589123027824746,1,16
0.8791666666666667,0.4998452172598097,-0.8729410284476706,0.4912332071438749,-0.5932198272855238,1,16
0.8833333333333333,0.49992294336017923,-0.8792636865988734,0.4904393276310337,-0.5973101531846475,1,16
0.8875,0.49996672154612926,-0.8855845558660981,0.4896113900286476,-0.6013937214733511,1,16
0.8916666666666666,0.49997456463214074,-0.8919084978267089,0.48874945183205065,-0.6054702485721446,1,16
0.8958333333333334,0.4999444872702537,-0.8982403493920911,0.4878535728977157,-0.6095394513905068,1,16
0.9,0.499874506245747,-0.9045849259394215,0.4869238154390976,-0.6136010473465435,1,16
0.9041666666666667,0.4997626412531058,-0.9109470219987594,0.48596024402231286,-0.6176547543866127,1,16
0.9083333333333333,0.4996069157212157,-0.9173314119117584,0.48496292556165593,-0.6217002910049099,1,16
0.9125,0.4994053576787839,-0.9237428504620769,0.48393192931495255,-0.6257373762630181,1,16
0.9166666666666666,0.4991560006506302,-0.9301860734763565,0.4828673268787499,-0.6297657298094166,1,16
0.9208333333333333,0.4988568845753847,-0.9366657983944896,0.48176919218334485,-0.6337850718989504,1,16
0.9249999999999999,0.4985052934473576,-0.9430849817273258,0.48063760148765,-0.6377951234122563,1,16
0.9291666666666667,0.49809806393898465,-0.9492856844608341,0.47947263337389767,-0.6417956058751466,1,16
0.9333333333333333,0.4976331613668633,-0.955272706832344,0.4782743687421833,-0.6457862414779463,1,16
0.9375,0.49710850235489407,-0.9610507897643472,0.4770428908048469,-0.649766753094787,1,16
0.9416666666666667,0.4965219525470581,-0.9666246156859035,0.4757782850806948,-0.6537368643028507,1,16
0.9458333333333333,0.4958713265810108,-0.9719988103241051,0.4744806393890607,-0.6576962994015654,1,16
0.95,0.49515438806493983,-0.9771779444506229,0.47315004384370724,-0.6616447834317517,1,16
0.9541666666666666,0.49436884955807137,-0.9821665355880116,0.4717865908465682,-0.6655820421947165,1,16
0.9583333333333334,0.49351237255657504,-0.9869690496790348,0.4703903750813314,-0.6695078022712947,1,16
0.9625,0.4925825674866969,-0.9915899027222954,0.46896149350686406,-0.6734217910408364,1,16
0.9666666666666667,0.49157699370704244,-0.9960334623774793,0.4675000453504789,-0.6773237367001388,1,16
0.9708333333333333,0.4904931595220403,-1.0003040495435485,0.466006132101044,-0.6812133682823216,1,16
0.975,0.4893285222087329,-1.0044059399132597,0.46447985750193466,-0.6850904156756434,1,16
0.9791666666666666,0.48808048805916593,-1.008343365507424,0.46292132754382903,-0.6889546096422603,1,16
0.9833333333333333,0.4867464124407712,-1.012120516192376,0.4613306504573479,-0.6928056818369217,1,16
0.9874999999999999,0.48532359987725193,-1.0157415411841741,0.4597079367055386,-0.6966433648256063,1,16
0.9916666666666667,0.48380930415257556,-1.0192105505431177,0.4580532989762039,-0.7004673921040935,1,16
0.9958333333333333,0.48220072844074385,-1.0225316166622214,0.45636685217407685,-0.7042774981164698,1,16
1.0,0.48049502546402995,-1.0257087757533325,0.45464871341284085,-0.7080734182735712,1,16
1.0041666666666667,0.4786902502433133,-1.0289086430991208,0.45289900200699723,-0.7118548889713568,1,16
1.0083333333333333,0.4767837961213247,-1.0321350560854037,0.4511178394635793,-0.7156216476092145,1,16
1.0125,0.47477247341497175,-1.0352900998966466,0.4493053494737146,-0.7193734326081971,1,16
1.0166666666666666,0.47265344801616055,-1.0383775725395603,0.4474616579040351,-0.7231099834291874,1,16
1.0208333333333333,0.4704238586586166,-1.0414012502215886,0.4455868927879366,-0.7268310405909911,1,16
1.025,0.4680808186361436,-1.0443648895333828,0.44368118431668774,-0.7305363456883563,1,16
1.0291666666666666,0.4656214170397558,-1.0472722286374827,0.44174466483038866,-0.7342256414099182,1,16
1.0333333333333332,0.46304272005737485,-1.0501269884575053,0.439777468808781,-0.7378986715560675,1,16
1.0375,0.46034177233610823,-1.0529328738677817,0.43777973286190885,-0.7415551810567427,1,16
1.0416666666666667,0.4575155984071806,-1.0556935748827487,0.4357515957206327,-0.7451949159891418,1,16
1.0458333333333334,0.4545612041735294,-1.0584127678451898,0.4336931982269943,-0.7488176235953575,1,16
1.05,0.4514755784600098,-1.0610941166122159,0.43160468332443686,-0.7524230522999288,1,16
1.0541666666666667,0.4482556946260725,-1.0637412737376861,0.4294861960478782,-0.756010951727311,1,16
1.0583333333333333,0.4448985145315734,-1.0663578777711915,0.4273378835136389,-0.7595810727192636,1,16
1.0625,0.4416077699567682,-1.0689484201751769,0.425159894909226,-0.7631331673521525,1,16
1.0666666666666667,0.4383790376581022,-1.0715159385115605,0.42295238148297293,-0.7666669889541669,1,16
1.0708333333333333,0.43513092251948005,-1.0740631474640525,0.420715496533536,-0.7701822921224488,1,16
1.075,0.43185966918839513,-1.076593272714566,0.4184493953992489,-0.7736788327401355,1,16
1.0791666666666666,0.42876611392519626,-1.0791103442829741,0.41615423544733515,-0.7771563679933116,1,16
1.0833333333333333,0.42564117204738966,-1.0816161896964362,0.4138301760629803,-0.7806146563878706,1,16
1.0875,0.42248111543919836,-1.0841139777881295,0.41147737863826306,-0.7840534577662865,1,16
1.0916666666666666,0.41921871490138024,-1.0866066023128862,0.40909600656094797,-0.7874725333242897,1,16
1.0958333333333332,0.4158505750801284,-1.0890973628166427,0.40668622520313896,-0.7908716456274516,1,16
1.1,0.412638486231546,-1.0915905915676598,0.40424820190979505,-0.7942505586276729,1,16
1.1041666666666667,0.40937602241892945,-1.0940880536103825,0.4017821059871099,-0.7976090376795753,1,16
1.1083333333333334,0.40605948784534296,-1.0965928291927098,0.3992881086907536,-0.8009468495567962,1,16
1.1125,0.40288568588188095,-1.099108759654556,0.39676638321398056,-0.8042637624681861,1,16
1.1166666666666667,0.39964972788586395,-1.1016375908682519,0.3942171046756021,-0.8075595460739031,1,16
1.1208333333333333,0.39634793976716814,-1.1041823533671244,0.39164045010782567,-0.8108339715014106,1,16
1.125,0.393175667162163,-1.1067468220047731,0.3890365984439606,-0.8140868113613695,1,16
1.1291666666666667,0.38992953805777614,-1.1093327156350716,0.3864057305059928,-0.8173178397634304,1,16
1.1333333333333333,0.38660590618844354,-1.1119430122553884,0.3837480289920273,-0.820526832331919,1,16
1.1375,0.38339867159998947,-1.1145814180225584,0.3810636784636012,-0.8237135662214192,1,16
1.1416666666666666,0.38010597090778714,-1.117249624765249,0.3783528653328668,-0.826877820132247,1,16
1.1458333333333333,0.3769207393431028,-1.119951294976548,0.3756157778496465,-0.830019374325819,1,16
1.15,0.37364212343312253,-1.1226881077502027,0.3728526060883602,-0.833138010639912,1,16
1.1541666666666666,0.3704620915221263,-1.1254636740574155,0.37006354193482505,-0.8362335125038133,1,16
1.1583333333333332,0.36718080742793374,-1.1282796656587044,0.3672487790729311,-0.8393056649533595,1,16
1.1625,0.364050128994762,-1.1311398664912318,0.36440851297119004,-0.8423542546458653,1,16
1.1666666666666667,0.36087049056717196,-1.1339440424804081,0.3615429408691623,-0.8453790698749382,1,16
1.1708333333333334,0.35763775545864085,-1.1366948413579983,0.3586522617637587,-0.8483799005851806,1,16
1.175,0.354347793806223,-1.1393948838093813,0.35573667639542217,-0.8513565383867769,1,16
1.1791666666666667,0.3511891033914335,-1.142047447811823,0.35279638723418716,-0.8543087765699652,1,16
1.1833333333333333,0.34796428709610183,-1.1446539605200967,0.34983159846561923,-0.857236410119391,1,16
1.1875,0.34466924298982576,-1.1472169595618236,0.3468425159766359,-0.8601392357283459,1,16
1.1916666666666667,0.3414911769058683,-1.1497396262890263,0.3438293473412088,-0.8630170518128844,1,16
1.1958333333333333,0.3382340668008569,-1.1522233281519818,0.3407923018059488,-0.8658696585258241,1,16
1.2,0.3348938294491698,-1.1546705272954778,0.33773159027557553,-0.8686968577706227,1,16
1.2041666666666666,0.331656466454476,-1.157084315317974,0.3346474252982706,-0.8714984532151357,1,16
1.2083333333333333,0.3283272234372277,-1.159465995920421,0.331540021050918,-0.8742742503052499,1,16
1.2125,0.3250913450072659,-1.1618186004169844,0.3284095933242307,-0.8770240562783937,1,16
1.2166666666666666,0.3217548745156627,-1.1641433966575239,0.3252563595077649,-0.8797476801769244,1,16
1.2208333333333332,0.31850232846758203,-1.1664433544435677,0.32208053857482394,-0.8824449328613877,1,16
1.225,0.3151993924052576,-1.1687199000995532,0.3188823510672518,-0.8851156270236538,1,16
1.2291666666666667,0.3120296601007261,-1.1709758067123588,0.3156620190801182,-0.887759577199923,1,16
1.2333333333333334,0.30880045487577046,-1.173212136660745,0.31241976624629453,-0.8903765997836073,1,16
1.2375,0.3055075222724204,-1.175430983081977,0.3091558177209247,-0.8929665130380786,1,16
1.2416666666666667,0.30233345921485855,-1.1776350268022933,0.3058704001657889,-0.8955291371092908,1,16
1.2458333333333333,0.2990866506469549,-1.1798252762498869,0.30256374173356376,-0.8980642940382688,1,16
1.25,0.29576286394097767,-1.182003748682585,0.2992360720519782,-0.9005718077734668,1,16
1.2541666666666667,0.29254374182129583,-1.1841730373733672,0.2958876222078673,-0.9030515041829945,1,16
1.2583333333333333,0.28923868104067557,-1.1863340924812633,0.2925186247311245,-0.9055032110667085,1,16
1.2625,0.2860287095864299,-1.188489449842791,0.289129313578554,-0.9079267581681719,1,16
1.2666666666666666,0.2827238781793099,-1.190640024154309,0.2857199241176237,-0.9103219771864766,1,16
1.2708333333333333,0.27950461276760563,-1.1927882921388495,0.2822906931101205,-0.9126887017879309,1,16
1.275,0.2761816035901115,-1.1949351311497465,0.2788418586957085,-0.915026767617611,1,16
1.2791666666666666,0.27293468608414984,-1.1970829596249186,0.27537366037539157,-0.917336012310774,1,16
1.2833333333333332,0.2695751782805462,-1.1992326160829923,0.27188633899488146,-0.9196162755041329,1,16
1.2875,0.2663397133987224,-1.2013866385936451,0.26838013672787236,-0.9218673988469938,1,16
1.2916666666666667,0.2630400431681439,-1.2035457024216258,0.2648552970592242,-0.9240892260122511,1,16
1.2958333333333334,0.2598260695699966,-1.2057118980637798,0.26131206476805274,-0.9262816027072445,1,16
1.3,0.2565102502812239,-1.207885928423628,0.2577506859107321,-0.9284443766844737,1,16
1.3041666666666667,0.25329911722283216,-1.210070058992695,0.25417140780380715,-0.9305773977521704,1,16
1.3083333333333333,0.2500056446535778,-1.2122648947800958,0.2505744790068191,-0.9326805177847289,1,16
1.3125,0.2468072094396303,-1.2144724961061897,0.2469601493050446,-0.9347535907329922,1,16
1.3166666666666667,0.2435173901607445,-1.216693431761035,0.24332866969214914,-0.936796472634394,1,16
1.3208333333333333,0.24031300919921486,-1.2189297025466204,0.23968029235275765,-0.9388090216229569,1,16
1.325,0.23700824813311472,-1.2211818360485904,0.23601527064494132,-0.940791097939143,1,16
1.3291666666666666,0.233779375094887,-1.2234517809916576,0.2323338590826237,-0.9427425639395601,1,16
1.3333333333333333,0.23044117347570856,-1.2257400218469647,0.228636313317906,-0.9446632841065207,1,16
1.3375,0.22719750774764016,-1.228048529211446,0.22492289012331368,-0.9465531250574513,1,16
1.3416666666666666,0.22386367220941175,-1.2303776902963077,0.2211938473739652,-0.9484119555541567,1,16
1.3458333333333332,0.22061474932036565,-1.2327292777651628,0.2174494440296639,-0.9502396465119327,1,16
1.35,0.21726663453017037,-1.2351036405198301,0.2136899401169149,-0.9520360710085306,1,16
1.3541666666666667,0.21399386368942436,-1.2375024871556273,0.2099155967108683,-0.9538011042929712,1,16
1.3583333333333334,0.21079143942905032,-1.2399266326409437,0.20612667591718803,-0.955534623794208,1,16
1.3625,0.2074761608700912,-1.242376380225937,0.20232344085385104,-0.9572365091296388,1,16
1.3666666666666667,0.2042495745919375,-1.2448534198018526,0.19850615563287494,-0.9589066421134661,1,16
1.3708333333333333,0.20092899703498307,-1.2473579505302863,0.19467508534197708,-0.9605449067649038,1,16
1.375,0.19768750771164723,-1.2498914709586246,0.19083049602616586,-0.9621511893162318,1,16
1.3791666666666667,0.19434303130330205,-1.2524541474988486,0.18697265466926535,-0.963725378220696,1,16
1.3833333333333333,0.19106810002067975,-1.2550474124948743,0.18310182917537496,-0.9652673641602555,1,16
1.3875,0.18785773200918396,-1.2576718585313915,0.1792182883502651,-0.9667770400531728,1,16
1.3916666666666666,0.18453076868200075,-1.2603275956798023,0.17532230188271009,-0.9682543010614508,1,16
1.3958333333333333,0.18125891992547136,-1.2630159589918712,0.17141414032576008,-0.9696990445981135,1,16
1.4,0.17806472068275794,-1.2657375379966682,0.16749407507795255,-0.971111170334329,1,16
1.4041666666666666,0.17476784605471574,-1.268492332115737,0.16356237836446544,-0.9724905802063777,1,16
1.4083333333333332,0.17153909170449147,-1.2712815270692748,0.1596193232182127,-0.9738371784224616,1,16
1.4125,0.16819875239681004,-1.274105077685993,0.15566518346088357,-0.9751508714693571,1,16
1.4166666666666667,0.1649170744113474,-1.2769641047007445,0.15170023368392804,-0.976431568118908,1,16
1.4208333333333334,0.16168858496407945,-1.2796554722093905,0.14772474922948703,-0.9776791794343618,1,16
1.425,0.158334121030604,-1.2821790435276796,0.1437390061712722,-0.9788936187765451,1,16
1.4291666666666667,0.15504990323109766,-1.2845358544673469,0.13974328129539415,-0.9800748018098808,1,16
1.4333333333333333,0.15183063907345823,-1.2867260621803456,0.13573785208114128,-0.9812226465082439,1,16
1.4375,0.1484979062672614,-1.2887493737457982,0.13172299668171042,-0.9823370731606582,1,16
1.4416666666666667,0.14522004525006815,-1.290606572734597,0.12769899390489084,-0.9834180043768319,1,16
1.4458333333333333,0.14199186944671557,-1.2922976975891771,0.12366612319370265,-0.9844653650925317,1,16
1.45,0.1386355885602145,-1.2938223448153778,0.11962466460699121,-0.9854790825747952,1,16
1.4541666666666666,0.13531903578779977,-1.2951811661871198,0.11557489879997863,-0.9864590864269828,1,16
1.4583333333333333,0.1320370984181321,-1.296374080983944,0.11151710700477403,-0.9874053085936649,1,16
1.4625,0.12881163011877525,-1.297401031727251,0.10745157101084356,-0.9883176833653494,1,16
1.4666666666666666,0.12546537707156807,-1.2982614210186632,0.10337857314544181,-0.9891961473830436,1,16
1.4708333333333332,0.12216616803188056,-1.299159164362782,0.09929839625400597,-0.9900406396426549,1,16
1.475,0.1189092922979412,-1.3000940255349425,0.09521132368051352,-0.9908511014992271,1,16
1.4791666666666667,0.11551813602174504,-1.3010653505041134,0.09111763924780669,-0.991627476671012,1,16
1.4833333333333334,0.11217359886259294,-1.3020735625060773,0.08701762723788126,-0.9923697112433798,1,16
1.4875,0.10887097164143311,-1.3031183227008938,0.08291157237214578,-0.9930777536725607,1,16
1.4916666666666667,0.10560554951295921,-1.3041992694976412,0.0787997597916491,-0.9937515547892264,1,16
1.4958333333333333,0.10220110259402054,-1.305315630281658,0.07468247503727914,-0.9943910678019033,1,16
1.5,0.09883814747216196,-1.3064676914995754,0.0705600040299336,-0.9949962483002227,1,16
1.5041666666666667,0.09551198647139328,-1.3076549887354085,0.06643263305066464,-0.9955670542580042,1,16
1.5083333333333333,0.09221792855112292,-1.30887703435006,0.06230064872079822,-0.9961034460361746,1,16
1.5125,0.08895129073256793,-1.3101333156460155,0.05816433798203002,-0.9966053863855207,1,16
1.5166666666666666,0.085549771553462,-1.311422946626588,0.05402398807649907,-0.9970728404492749,1,16
1.5208333333333333,0.08217997268753781,-1.312745993410245,0.04987988652684046,-0.9975057757655377,1,16
1.525,0.07883722458992723,-1.3141018391989816,0.0457323211162186,-0.9979041622695306,1,16
1.5291666666666666,0.07553021344415647,-1.3154898721003225,0.04158157986834242,-0.9982679722956842,1,16
1.5333333333333332,0.07225427182597585,-1.3169094046953456,0.037427951027463824,-0.9985971805795595,1,16
1.5375,0.06900474333738704,-1.3183597237893012,0.03327172303836063,-0.9988917642596024,1,16
1.5416666666666667,0.06560669435781262,-1.3198397259801047,0.02911318452630668,-0.9991517028787313,1,16
1.5458333333333334,0.062239382741738646,-1.321349301523313,0.0249526242770272,-0.9993769783857577,1,16
1.55,0.05889817164131904,-1.322887631899682,0.020790331216645246,-0.9995675751366397,1,16
1.5541666666666667,0.055578436397954574,-1.3244538741810377,0.016626594391617285,-0.9997234798955685,1,16
1.5583333333333333,0.05227556582678197,-1.3260471589931064,0.012461702948660636,-0.9998446818358873,1,16
1.5625,0.048998230341174384,-1.327666617469011,0.008295946114673953,-0.9999311725408433,1,16
1.5666666666666667,0.04574182724996693,-1.3293113067419908,0.004129613176652141,-0.9999829460041725,1,16
1.5708333333333333,0.04233238628152969,-1.3309799097040582,-3.7006538402897926e-05,-0.9999999986305161,1,16
1.575,0.03894825440672146,-1.3326720550737785,-0.004203623683574309,-0.999982329235671,1,16
1.5791666666666666,0.03558485538722581,-1.3343866930828014,-0.008369948912123698,-0.9999299390466713,1,16
1.5833333333333333,0.03223762802933135,-1.3361227489715541,-0.012535692897584544,-0.9998428317017034,1,16
1.5875,0.028902027369143185,-1.3378791207517495,-0.016700566353854192,-0.9997210132498537,1,16
1.5916666666666666,0.025586718965902262,-1.3396547047645129,-0.02086428005528306,-0.9995644921506879,1,16
1.5958333333333332,0.02228717073987171,-1.3414483248859252,-0.02502654485675962,-0.9993732792736638,1,16
1.6,0.018998867897370646,-1.343258777268433,-0.029187071713790043,-0.9991473878973766,1,16
1.6041666666666667,0.01571731325374152,-1.3450848301800664,-0.03334557170256972,-0.9988868337086365,1,16
1.6083333333333334,0.012451178597215527,-1.346925248744866,-0.03750175604004864,-0.9985916348013799,1,16
1.6125,0.009027960614999013,-1.3487784099826128,-0.04165533610398475,-0.9982618116754123,1,16
1.6166666666666667,0.005611520008855908,-1.350643525417374,-0.045806023452987274,-0.9978973872349848,1,16
1.6208333333333333,0.0022105305526090567,-1.3525192550334857,-0.049953529846547266,-0.9974983867872036,1,16
1.625,-0.0011794545275818416,-1.3544041864585759,-0.054097567265054186,-0.9970648380402731,1,16
1.6291666666666667,-0.0045628627614659025,-1.3562968790752994,-0.05823784792979714,-0.9965967711015707,1,16
1.6333333333333333,-0.00794410224423227,-1.3581958638979723,-0.06237408432294939,-0.9960942184755569,1,16
1.6375,-0.011314484470663683,-1.36009966680335,-0.0665059892075348,-0.9955572150615177,1,16
1.6416666666666666,-0.014678398172485852,-1.362006747696281,-0.07063327564737466,-0.994985798151141,1,16
1.6458333333333333,-0.018040211910452592,-1.3639155302771893,-0.07475565702701377,-0.9943800074259268,1,16
1.65,-0.02140427401310824,-1.3658244134229303,-0.0788728470716241,-0.9937398849544324,1,16
1.6541666666666666,-0.024761876288747896,-1.3677317896608152,-0.08298455986688495,-0.9930654751893498,1,16
1.6583333333333332,-0.028117345458955716,-1.369635983120979,-0.08709050987883794,-0.9923568249644195,1,16
1.6624999999999999,-0.031474987419977084,-1.3715352889612271,-0.09119041197371565,-0.9916139834911778,1,16
1.6666666666666667,-0.03482608050523,-1.37342799519702,-0.09528398143774269,-0.9908370023555395,1,16
1.6708333333333334,-0.03817490722764069,-1.3753123225227608,-0.09937093399690652,-0.9900259355142158,1,16
1.675,-0.041526418163431125,-1.376779509619944,-0.10345098583669989,-0.9891808392909671,1,16
1.6791666666666667,-0.04488536700495787,-1.377827648280239,-0.1075238536218291,-0.9883017723726911,1,16
1.6833333333333333,-0.048243505904036726,-1.3784548005693662,-0.11158925451589037,-0.9873887958053487,1,16
1.6875,-0.05160554852561264,-1.3786589419547461,-0.11564690620101091,-0.9864419729897231,1,16
1.6916666666666667,-0.05497619039159115,-1.3784380002211831,-0.1196965268974544,-0.9854613696770187,1,16
1.6958333333333333,-0.05835363017613378,-1.3777898680550542,-0.1237378353831888,-0.9844470539642933,1,16
1.7,-0.06173605846667709,-1.376712386362266,-0.1277705510134156,-0.9833990962897305,1,16
1.7041666666666666,-0.06512814993782899,-1.3752033352045203,-0.13179439374005894,-0.9823175694277477,1,16
1.7083333333333333,-0.0686176248117759,-1.3732603163491521,-0.13580908413121318,-0.9812025484839425,1,16
1.7125,-0.07219622569799322,-1.370881162581239,-0.1398143433905479,-0.9800541108898766,1,16
1.7166666666666666,-0.07586873760186275,-1.368063635521571,-0.14380989337666863,-0.9788723363976992,1,16
1.7208333333333332,-0.07964001950818086,-1.3648054656375102,-0.14779545662243207,-0.9776573070746084,1,16
1.7249999999999999,-0.08351501696179442,-1.3611043536380991,-0.15177075635421444,-0.9764091072971524,1,16
1.7291666666666667,-0.08748571453166848,-1.35695799496525,-0.15573551651113227,-0.9751278237453694,1,16
1.7333333333333334,-0.09155722783261412,-1.3523640130163832,-0.15968946176421192,-0.9738135453967692,1,16
1.7375,-0.09573479522986564,-1.347320003150789,-0.16363231753551122,-0.9724663635201534,1,16
1.7416666666666667,-0.09996865888817254,-1.3418236379479707,-0.1675638100171861,-0.9710863716692772,1,16
1.7458333333333333,-0.10426412948748189,-1.3358723558028565,-0.1714836661905053,-0.9696736656763538,1,16
1.75,-0.10861344623406187,-1.3294635869355849,-0.17539161384480992,-0.9682283436453982,1,16
1.7541666666666667,-0.1130221281347739,-1.3225946744056272,-0.17928738159641666,-0.966750505945415,1,16
1.7583333333333333,-0.11749514317915534,-1.315588147470041,-0.18317069890746393,-0.9652402552034284,1,16
1.7625,-0.12202422168168864,-1.3084409381867312,-0.1870412961046991,-0.9636976962973551,1,16
1.7666666666666666,-0.1266144260190932,-1.3011498885487274,-0.19089890439820567,-0.9621229363487218,1,16
1.7708333333333333,-0.1312709130651755,-1.293711809260526,-0.19474325590006905,-0.960516084715225,1,16
1.775,-0.135985452150513,-1.286123512095757,-0.1985740836429799,-0.958877252983138,1,16
1.7791666666666666,-0.14076330251726354,-1.2783817141368898,-0.20239112159877337,-0.9572065549595614,1,16
1.7833333333333332,-0.1456098376009335,-1.270483101403475,-0.20619410469690322,-0.9555041066645201,1,16
1.7874999999999999,-0.15051688373773867,-1.262424364325884,-0.20998276884284925,-0.9537700263229056,1,16
1.7916666666666667,-0.15548994217274692,-1.2542020917543844,-0.21375685093645747,-0.9520044343562672,1,16
1.7958333333333334,-0.1605208426632534,-1.2458128783077762,-0.21751608889020987,-0.9502074533744487,1,16
1.8,-0.16561522721210034,-1.2372532110113412,-0.22126022164742623,-0.9483792081670734,1,16
1.8041666666666667,-0.17076492788523945,-1.228519584082596,-0.22498898920039193,-0.9465198256948799,1,16
1.8083333333333333,-0.17597574155790652,-1.2196083776864453,-0.22870213260841432,-0.9446294350809034,1,16
1.8125,-0.1812536340325274,-1.2105159393282117,-0.23239939401580448,-0.9427081676015102,1,16
1.8166666666666667,-0.18659053038575635,-1.2012386277371108,-0.23608051666978389,-0.9407561566772811,1,16
1.8208333333333333,-0.19199258956090628,-1.1917726787941045,-0.23974524493831426,-0.9387735378637455,1,16
1.825,-0.197451749291401,-1.1821143412397925,-0.2433933243278497,-0.936760448841969,1,16
1.8291666666666666,-0.20297438165065232,-1.1722597333349745,-0.2470245015010098,-0.934717029408991,1,16
1.8333333333333333,-0.2085524360806889,-1.1622049879828604,-0.2506385242941724,-0.932643421468118,1,16
1.8375,-0.21419251993717803,-1.1519460994119668,-0.25423514173498474,-0.9305397690190678,1,16
1.8416666666666666,-0.21990149321965674,-1.1414790269470996,-0.2578141040597922,-0.9284062181479706,1,16
1.8458333333333332,-0.2256714566472216,-1.1307997497804885,-0.26137516273098277,-0.9262429170172242,1,16
1.8499999999999999,-0.23146103834779377,-1.119904272643483,-0.2649180704542465,-0.9240500158552041,1,16
1.8541666666666667,-0.23726145349199737,-1.1087882311959938,-0.26844258119574876,-0.9218276669458321,1,16
1.8583333333333334,-0.2430791866294377,-1.0974470875480549,-0.2719484501992153,-0.9195760246180005,1,16
1.8625,-0.24890531069718574,-1.0858763133637863,-0.27543543400292997,-0.9172952452348548,1,16
1.8666666666666667,-0.2547464865021367,-1.0740711960946725,-0.2789032904566411,-0.9149854871829357,1,16
1.8708333333333333,-0.26059361216000715,-1.0620270336421178,-0.28235177873837736,-0.9126469108611797,1,16
1.875,-0.26645353010127293,-1.0497389278610232,-0.28578065937117186,-0.9102796786697804,1,16
1.8791666666666667,-0.272316922728566,-1.0372019920098516,-0.289189694239692,-0.9078839549989108,1,16
1.8833333333333333,-0.2781908165930233,-1.024411130515936,-0.2925786466067751,-0.9054599062173075,1,16
1.8875,-0.2840825711775908,-1.011361185607071,-0.29594728112986884,-0.9030077006607173,1,16
1.8916666666666666,-0.289965504642011,-0.9980470939400399,-0.299295363877374,-0.9005275086202074,1,16
1.8958333333333333,-0.2958466454582324,-0.9844633953399985,-0.30262266234488966,-0.8980195023303392,1,16
1.9,-0.30172803074769733,-0.9714184977933258,-0.30592894547135946,-0.8954838559572085,1,16
1.9041666666666666,-0.307616257988809,-0.9580925768089671,-0.30921398365511726,-0.8929207455863496,1,16
1.9083333333333332,-0.3134823187078929,-0.9444802269098663,-0.3124775487698315,-0.8903303492105086,1,16
1.9124999999999999,-0.3193646431767758,-0.9313893449411912,-0.31571941418034755,-0.8877128467172815,1,16
1.9166666666666667,-0.32523260447152585,-0.9180001672161237,-0.31893935475842594,-0.8850684198766225,1,16
1.9208333333333334,-0.33109352023272015,-0.9043067747937459,-0.32213714689837575,-0.8823972523282225,1,16
1.925,-0.3369087035009262,-0.8911173197311322,-0.32531256853258367,-0.879699529568754,1,16
1.9291666666666667,-0.34268377636908137,-0.8776112834236512,-0.3284653991469346,-0.876975438938991,1,16
1.9333333333333333,-0.3484180507913442,-0.8645963354795336,-0.3315954197961251,-0.8742251696107994,1,16
1.9375,-0.35411768551679856,-0.8512518852022453,-0.334702413118868,-0.8714489125739994,1,16
1.9416666666666667,-0.35985083792699896,-0.8383851432708422,-0.3377861633529867,-0.8686468606231028,1,16
1.9458333333333333,-0.3655124778854107,-0.825176468775658,-0.34084645635039873,-0.8658192083439247,1,16
1.95,-0.3711801162716313,-0.8116187845381108,-0.3438830795919869,-0.8629661521000701,1,16
1.9541666666666666,-0.37680774527481947,-0.798519940018454,-0.3468958222023575,-0.8600878900192985,1,16
1.9583333333333333,-0.38244980413545115,-0.7850587372277077,-0.3498844749644845,-0.8571846219797642,1,16
1.9625,-0.38805797997901365,-0.7720429983487326,-0.3528488303342382,-0.8542565495961365,1,16
1.9666666666666666,-0.39362078142501744,-0.7602796708526571,-0.3557886824547982,-0.8513038762055989,1,16
1.9708333333333332,-0.3991267865458307,-0.7497616191876038,-0.35870382717094873,-0.8483268068537277,1,16
1.9749999999999999,-0.40445513420899926,-0.7404826222442616,-0.3615940620432559,-0.845325548280254,1,16
1.9791666666666667,-0.40958999427249054,-0.7324354727902797,-0.3644591863621265,-0.8423003089047054,1,16
1.9833333333333334,-0.41450277105422023,-0.7256133051937464,-0.3672990011617449,-0.8392512988119345,1,16
1.9875,-0.41917211189409126,-0.7200094214356485,-0.3701133092338916,-0.8361787297375278,1,16
1.9916666666666667,-0.42357535307535915,-0.715292178911411,-0.37290191514163684,-0.8330828150531028,1,16
1.9958333333333333,-0.4276965117789658,-0.7114556583746414,-0.37566462523291344,-0.8299637697514906,1,16
2.0,-0.43152078517798165,-0.7084941522521162,-0.37840124765396416,-0.8268218104318059,1,16
2.0041666666666664,-0.4350347368867739,-0.7064021775669086,-0.3811115923626649,-0.8236571552844058,1,16
2.0083333333333333,-0.4382193413838794,-0.7051745363222528,-0.3837954711417228,-0.8204700240757363,1,16
2.0125,-0.4414365183581682,-0.7048038090294558,-0.38645269761174544,-0.8172606381330731,1,16
2.0166666666666666,-0.44467064427792485,-0.7052863928066406,-0.3890830872441844,-0.8140292203291508,1,16
2.0208333333333335,-0.4479059324946781,-0.7066188080500843,-0.39168645737415064,-0.8107759950666841,1,16
2.025,-0.4511408319464301,-0.7087975839495758,-0.3942626272130975,-0.8075011882627872,1,16
2.029166666666667,-0.45435960020848765,-0.7118194702413565,-0.3968114178613775,-0.8042050273332826,1,16
2.033333333333333,-0.4575608426946257,-0.715681201128471,-0.39933265232066395,-0.8008877411769109,1,16
2.0375,-0.4607315739566819,-0.7202170936873566,-0.4018261555062442,-0.7975495601594325,1,16
2.0416666666666665,-0.4638718785443724,-0.7254242016874383,-0.4042917542591763,-0.7941907160976325,1,16
2.0458333333333334,-0.46696825052780283,-0.731299764102985,-0.40672927735831604,-0.7908114422432205,1,16
2.05,-0.4700212712305091,-0.7378409833001865,-0.40913855553220513,-0.7874119732666346,1,16
2.0541666666666667,-0.4730183146820216,-0.7450452378241149,-0.411519421470828,-0.7839925452407422,1,16
2.058333333333333,-0.47596057743907755,-0.7529098713491646,-0.4138717098372285,-0.7805533956244497,1,16
2.0625,-0.47883646430049276,-0.7614323969345619,-0.41619525727899365,-0.7770947632462084,1,16
2.0666666666666664,-0.48164785592582937,-0.7706102950107421,-0.4184899024395956,-0.7736168882874332,1,16
2.0708333333333333,-0.4843842792887719,-0.7804412075269835,-0.4207554859695986,-0.7701200122658203,1,16
2.075,-0.48705021109406754,-0.7907601226409745,-0.42299185053772326,-0.7666043780185772,1,16
2.0791666666666666,-0.4896673397220369,-0.7999369977215165,-0.4251988408417731,-0.7630702296855585,1,16
2.0833333333333335,-0.49223187457104567,-0.8081326533632548,-0.42737630361942,-0.7595178126923108,1,16
2.0875,-0.4947525697101354,-0.8153447171165238,-0.42952408765884564,-0.7559473737330319,1,16
2.091666666666667,-0.49722604325686703,-0.8215706443768426,-0.43164204380924426,-0.7523591607534359,1,16
2.095833333333333,-0.49966012977874974,-0.8268075565651346,-0.43373002499117824,-0.7487534229335385,1,16
2.1,-0.502062172723851,-0.8310523398397666,-0.4357878862067941,-0.7451304106703497,1,16
2.1041666666666665,-0.5044279446919102,-0.8343017091006968,-0.4378154845498894,-0.741490375560488,1,16
2.1083333333333334,-0.5067625935317388,-0.8367146750750422,-0.43981267921583905,-0.7378335703827058,1,16
2.1125,-0.509060902855573,-0.8382873359481999,-0.4417793315113711,-0.7341602490803383,1,16
2.1166666666666667,-0.5113285728075265,-0.8390155139246537,-0.44371530486420035,-0.7304706667436656,1,16
2.120833333333333,-0.5135710892115892,-0.8388948458643432,-0.4456204648325104,-0.7267650795922012,1,16
2.125,-0.5157827393340809,-0.8379208559896646,-0.44749467911429175,-0.7230437449568964,1,16
2.1291666666666664,-0.5179686760034512,-0.8360888296729057,-0.44933781755652763,-0.7193069212622727,1,16
2.1333333333333333,-0.5201339296501959,-0.8333939214351288,-0.451149752164234,-0.7155548680084731,1,16
2.1375,-0.5222723314167341,-0.8298312266714566,-0.4529303571093466,-0.7117878457532438,1,16
2.1416666666666666,-0.5243870512287079,-0.8255582544222755,-0.45467950873945967,-0.708006116093839,1,16
2.1458333333333335,-0.5264709566460054,-0.8205696974015344,-0.4563970855864133,-0.7042099416488534,1,16
2.15,-0.5285280024061833,-0.8148600528055228,-0.45808296837472745,-0.7003995860399878,1,16
2.154166666666667,-0.530563832627928,-0.8082610841053742,-0.4597370400298864,-0.6965753138737381,1,16
2.158333333333333,-0.5325737437816896,-0.8010924961885507,-0.46135918568646733,-0.6927373907230243,1,16
2.1625,-0.5345550139320832,-0.7933482795367603,-0.4629492926961186,-0.6888860831087444,1,16
2.1666666666666665,-0.5365106678977533,-0.7850222786541378,-0.46450725063538095,-0.6850216584812691,1,16
2.1708333333333334,-0.5384376694198735,-0.7761082690382449,-0.4660329513133573,-0.6811443852018657,1,16
2.175,-0.5403154854578748,-0.7680652151907752,-0.46752628877922453,-0.677254532524066,1,16
2.1791666666666667,-0.5421385971907949,-0.7610493661754005,-0.46898715932959234,-0.6733523705749639,1,16
2.183333333333333,-0.5439048856779907,-0.7548917663855392,-0.47041546151570374,-0.6694381703364607,1,16
2.1875,-0.5455981729142935,-0.7495865612043524,-0.4718110961504812,-0.6655122036264437,1,16
2.1916666666666664,-0.5472150519560294,-0.7451279957934563,-0.47317396631541353,-0.6615747430799129,1,16
2.1958333333333333,-0.548752380306315,-0.7415105173439811,-0.4745039773672872,-0.6576260621300455,1,16
2.2,-0.5502073167069004,-0.7387287763392013,-0.47580103694475806,-0.6536664349892096,1,16
2.2041666666666666,-0.5515661880173807,-0.736615088296271,-0.4770650549747653,-0.6496961366299217,1,16
2.2083333333333335,-0.5528271883936161,-0.7351646056655275,-0.4782959436787874,-0.6457154427657488,1,16
2.2125,-0.5539888444833525,-0.7343726441647102,-0.47949361757893655,-0.6417246298321662,1,16
2.216666666666667,-0.5550500264800182,-0.7342346798402908,-0.4806579935038957,-0.6377239749673562,1,16
2.220833333333333,-0.5559965308099215,-0.7347464308507883,-0.48178899059469327,-0.6337137559929664,1,16
2.225,-0.5568279517693573,-0.7359036617487159,-0.4828865303103194,-0.629694251394813,1,16
2.2291666666666665,-0.5575442838390707,-0.7377022606273075,-0.48395053643317915,-0.6256657403035455,1,16
2.2333333333333334,-0.5581459224474402,-0.7401382320281346,-0.4849809350743862,-0.6216285024752586,1,16
2.2375,-0.5586336538234282,-0.7432076955995423,-0.4859776546788933,-0.6175828182720687,1,16
2.2416666666666667,-0.5590086387961842,-0.7469068850908599,-0.48694062603046195,-0.6135289686426411,1,16
2.245833333333333,-0.5592744764642237,-0.7510695220426435,-0.4878697822564685,-0.6094672351026829,1,16
2.25,-0.5594329962716603,-0.7556921988431462,-0.4887650588325485,-0.6053978997153898,1,16
2.2541666666666664,-0.559486217318878,-0.7607715937708398,-0.48962639358707727,-0.6013212450718629,1,16
2.2583333333333333,-0.5594343240439242,-0.7664670943368495,-0.4904537267054875,-0.5972375542714797,1,16
2.2625,-0.5592797794377133,-0.7727753991214965,-0.49124700073442285,-0.5931471109022386,1,16
2.2666666666666666,-0.5590252701318859,-0.7796933104475106,-0.4920061605857278,-0.5890501990210633,1,16
2.2708333333333335,-0.5586774641348328,-0.7868924860460997,-0.4927311535402736,-0.584947103134076,1,16
2.275,-0.5582574772334321,-0.7927423199132577,-0.49342192925161826,-0.5808381081768432,1,16
2.279166666666667,-0.5577618298521516,-0.7975653149012619,-0.4940784397495042,-0.5767234994945847,1,16
2.283333333333333,-0.5571726064990777,-0.8029860037413344,-0.4947006394431883,-0.5726035628223616,1,16
2.2875,-0.55650965776991,-0.8073731183012531,-0.49528848512460866,-0.5684785842652309,1,16
2.2916666666666665,-0.5557607956687742,-0.8123510625887406,-0.4958419359713846,-0.56434885027838,1,16
2.2958333333333334,-0.554939336740109,-0.8162885391999619,-0.49636095354965204,-0.5602146476472307,1,16
2.3,-0.5540499372996369,-0.8191819305183249,-0.4968455018167322,-0.5560762634675275,1,16
2.3041666666666667,-0.5530910300570893,-0.8210273872179147,-0.4972955471236346,-0.5519339851253965,1,16
2.308333333333333,-0.5520663454451361,-0.821820779442983,-0.49771105821739375,-0.5477881002773921,1,16
2.3125,-0.5509734938152437,-0.8215577553175936,-0.4980920062432396,-0.5436388968305175,1,16
2.3166666666666664,-0.5498097072629254,-0.8202337309943014,-0.4984383647466012,-0.5394866629222341,1,16
2.3208333333333333,-0.5485718158277142,-0.8178439574599424,-0.49875010967494393,-0.5353316869004495,1,16
2.325,-0.5472676242040776,-0.8143834918507141,-0.4990272193794397,-0.5311742573034959,1,16
2.3291666666666666,-0.545891402686255,-0.8100099384969528,-0.49926967461647037,-0.5270146628400914,1,16
2.3333333333333335,-0.5444389983151408,-0.8047180185969335,-0.49947745854896414,-0.5228531923692902,1,16
2.3375,-0.5429057320323376,-0.7985023395662162,-0.4996505567475648,-0.5186901348804258,1,16
2.341666666666667,-0.5412863348278358,-0.7913573950643863,-0.4997889571916337,-0.5145257794730388,1,16
2.345833333333333,-0.5395868651569485,-0.7832774929058817,-0.4998926502700844,-0.5103604153368041,1,16
2.35,-0.5377822392749364,-0.7758848047882236,-0.4999616287820504,-0.5061943317314452,1,16
2.3541666666666665,-0.5358700925043185,-0.7691734461388657,-0.4999958879373851,-0.5020278179666505,1,16
2.3583333333333334,-0.5338608440765485,-0.7631376409262901,-0.49999542535699404,-0.49786116338197806,1,16
2.3625,-0.531752970884202,-0.7577718362886133,-0.49996024107300086,-0.4936946573267672,1,16
2.3666666666666667,-0.5295452130840776,-0.753070651677496,-0.49989033752874434,-0.48952858914004094,1,16
2.370833333333333,-0.5272495064399356,-0.7490287991744888,-0.49978571957860923,-0.4853632481304166,1,16
2.375,-0.5248653655328799,-0.7456412118313294,-0.499646394487689,-0.48119892355601174,1,16
2.3791666666666664,-0.5223925608030136,-0.7429029921644301,-0.4994723719312811,-0.4770359046043602,1,16
2.3833333333333333,-0.5198464179698836,-0.7406467037954331,-0.4992636639942153,-0.4728744803723264,1,16
2.3875,-0.5172265016667175,-0.7388678660331653,-0.4990202851700145,-0.46871493984603224,1,16
2.3916666666666666,-0.5145391479663792,-0.7375620789299554,-0.4987422523598883,-0.46455757188078767,1,16
2.3958333333333335,-0.5117908668292348,-0.7367250456353106,-0.4984295848715587,-0.4604026651810296,1,16
2.4,-0.5089883063083295,-0.7363525690106475,-0.49808230441792034,-0.4562505082802768,1,16
2.404166666666667,-0.5061382158231419,-0.7364405473720013,-0.49770043511553164,-0.4521013895210888,1,16
2.408333333333333,-0.5034182274958308,-0.7369838962585161,-0.49728400348294083,-0.44795559703504634,1,16
2.4125,-0.5008345311266024,-0.7379782262393447,-0.4968330384388438,-0.4438134187227383,1,16
2.4166666666666665,-0.4983861669383621,-0.739419294861671,-0.4963475713000764,-0.4396751422337727,1,16
2.4208333333333334,-0.49608500435438646,-0.7413028963897558,-0.49582763577943917,-0.43554105494679723,1,16
2.425,-0.49392909251938416,-0.7436249961475863,-0.49527326798335664,-0.43141144394954634,1,16
2.4291666666666667,-0.49191603269762446,-0.7463816785324577,-0.49468450640936945,-0.42728659601890107,1,16
2.433333333333333,-0.4899724018539831,-0.7495695853569159,-0.49406139194346166,-0.42316679760097753,1,16
2.4375,-0.48809600308513773,-0.7531851552747578,-0.49340396785722057,-0.4190523347912316,1,16
2.4416666666666664,-0.4862844381746759,-0.7572249239908304,-0.49271227980483256,-0.4149434933145946,1,16
2.4458333333333333,-0.48454793238323884,-0.7616854431860275,-0.491986375819912,-0.4108405585056282,1,16
2.45,-0.4828835025937889,-0.7665634165882437,-0.49122630631216624,-0.4067438152887121,1,16
2.4541666666666666,-0.48128799521777343,-0.7718556417695005,-0.4904321240638946,-0.4026535481582573,1,16
2.4583333333333335,-0.4797705587904764,-0.7775589324691992,-0.4896038842263227,-0.3985700411589476,1,16
2.4625,-0.4783274907280856,-0.7836702511708962,-0.4887416443157734,-0.39449357786601774,1,16
2.466666666666667,-0.4769549677999507,-0.7901866500679644,-0.48784546420967145,-0.3904244413655573,1,16
2.470833333333333,-0.475649070464605,-0.797105268413565,-0.4869154061423865,-0.38636291423485547,1,16
2.475,-0.47440940065372283,-0.8040980772778911,-0.4859515347009104,-0.3823092785227744,1,16
2.4791666666666665,-0.47324275701223867,-0.8111626448423728,-0.4849539168203727,-0.3782638157301659,1,16
2.4833333333333334,-0.4721440046143379,-0.8182966112416554,-0.4839226217793918,-0.37422680679031933,1,16
2.4875,-0.47110811550318177,-0.8254976462472337,-0.4828577211952647,-0.3701985320494564,1,16
2.4916666666666667,-0.4701301669692359,-0.8327634390903148,-0.4817592890189926,-0.36617927124725874,1,16
2.495833333333333,-0.4692053410895749,-0.8400917151615638,-0.48062740153014655,-0.36216930349744547,1,16
2.5,-0.46832892382087515,-0.8474802145344406,-0.4794621373315692,-0.3581689072683869,1,16
2.5041666666666664,-0.4675071734450254,-0.8549266379734223,-0.47826357734391756,-0.35417836036376976,1,16
2.5083333333333333,-0.466735307702588,-0.8624287581438856,-0.47703180480004204,-0.35019793990330245,1,16
2.5125,-0.46594085878292957,-0.8699847603664128,-0.4757669052392078,-0.3462279223034732,1,16
2.5166666666666666,-0.4651209908670931,-0.877592474103351,-0.4744689665011539,-0.34226858325835374,1,16
2.5208333333333335,-0.46433909397126005,-0.8852494028390973,-0.4731380787199931,-0.3383201977204523,1,16
2.525,-0.46352537599239335,-0.8929537383175976,-0.4717743343179533,-0.33438303988162316,1,16
2.529166666666667,-0.4626771657888992,-0.900703370909806,-0.4703778279989586,-0.33045738315402196,1,16
2.533333333333333,-0.46186568154358465,-0.9084958186803355,-0.46894865674205355,-0.32654350015112255,1,16
2.5375,-0.4610234120084399,-0.9163292808881984,-0.46748691979466744,-0.32264166266878186,1,16
2.5416666666666665,-0.4602099967406798,-0.9242013638410235,-0.4659927186657234,-0.31875214166636895,1,16
2.5458333333333334,-0.4593595298892222,-0.9321102796011353,-0.46446615711858785,-0.3148752072479451,1,16
2.55,-0.45853035353031996,-0.9400536725197477,-0.4629073411638662,-0.3110111286435099,1,16
2.5541666666666667,-0.4577184147733355,-0.9480294651861807,-0.4613163790520397,-0.3071601741903016,1,16
2.558333333333333,-0.45686008864740363,-0.9560358911828645,-0.4596933812659492,-0.30332261131416594,1,16
2.5625,-0.45602109940683067,-0.9640705970446537,-0.4580384605131218,-0.299498706510982,1,16
2.5666666666666664,-0.4551974270235168,-0.9721315369811633,-0.456351731717945,-0.2956887253281584,1,16
2.5708333333333333,-0.4543851318666354,-0.9802166752808978,-0.45463331201368473,-0.29189293234618974,1,16
2.575,-0.45352318438605566,-0.9883242590890863,-0.4528833207343522,-0.2881115911602859,1,16
2.5791666666666666,-0.45266562039296654,-0.9964520388080429,-0.4511018794064166,-0.2843449643620656,1,16
2.5833333333333335,-0.4518087117999733,-1.0045980107798993,-0.44928911174036484,-0.2805933135213196,1,16
2.5875,-0.45094879895781453,-1.0127601823067272,-0.44744514362211235,-0.27685689916784956,1,16
2.591666666666667,-0.4500822808871928,-1.0209365635456307,-0.4455701031042592,-0.273135980773372,1,16
2.595833333333333,-0.4492141272302255,-1.029125139619318,-0.4436641203971993,-0.2694308167335031,1,16
2.6,-0.44834069587259173,-1.0373239368992817,-0.44172732786007657,-0.26574166434981145,1,16
2.6041666666666665,-0.44745840508114,-1.045530990725347,-0.4397598599915948,-0.26206877981195287,1,16
2.6083333333333334,-0.4465637298252818,-1.0537443450052648,-0.4377618534206759,-0.2584124181798769,1,16
2.6125,-0.44565319820063953,-1.0619620520423858,-0.43573344689697374,-0.2547728333661171,1,16
2.6166666666666667,-0.44472338790311244,-1.070182172403696,-0.4336747812812368,-0.2511502781181554,1,16
2.620833333333333,-0.4437709227570428,-1.078402774825023,-0.43158599953552823,-0.24754500400087343,1,16
2.625,-0.4428004543023948,-1.0866219042193088,-0.429467246713296,-0.24395726137907964,1,16
2.6291666666666664,-0.44180855435077365,-1.0948376402430295,-0.4273186699493018,-0.24038729940012626,1,16
2.6333333333333333,-0.44079183652838044,-1.1030480706925438,-0.42514041844940137,-0.2368353659766041,1,16
2.6375,-0.43974695286480703,-1.111251291329798,-0.42293264348018483,-0.2333017077691294,1,16
2.6416666666666666,-0.4386780481725028,-1.1178175735819162,-0.4206954983584714,-0.2297865701692135,1,16
2.6458333333333335,-0.43757239425943245,-1.1243729143090957,-0.41842913844066165,-0.22629019728222077,1,16
2.65,-0.43643432506715535,-1.1309152165628855,-0.4161337211119506,-0.22281283191041962,1,16
2.654166666666667,-0.43526046516564976,-1.1374424202412057,-0.4138094057753966,-0.21935471553611813,1,16
2.658333333333333,-0.43404608238228887,-1.1442777152374322,-0.41145635384085316,-0.21591608830489778,1,16
2.6625,-0.43278962167655466,-1.1510934885002526,-0.40907472871375855,-0.2124971890089336,1,16
2.6666666666666665,-0.4314877706097889,-1.1578877688143105,-0.40666469578379,-0.20909825507041468,1,16
2.6708333333333334,-0.4301446406645387,-1.1646585650601455,-0.40422642241337636,-0.20571952252505332,1,16
2.675,-0.42875685874316954,-1.1714039191263799,-0.4017600779260779,-0.20236122600569695,1,16
2.6791666666666667,-0.4273272692812301,-1.1764940591369637,-0.39926583359482565,-0.19902359872603131,1,16
2.683333333333333,-0.42584292527955964,-1.181880065511791,-0.3967438626300296,-0.195706872464388,1,16
2.6875,-0.42430686708362,-1.185931692909965,-0.3941943401675483,-0.19241127754764603,1,16
2.6916666666666664,-0.4227151779960392,-1.1902742792708538,-0.39161744325652864,-0.18913704283523974,1,16
2.6958333333333333,-0.4210647996248673,-1.1949053696163308,-0.3890133508471089,-0.1858843957032632,1,16
2.7,-0.4193656481240878,-1.1981947126048835,-0.3863822437779936,-0.18265356202868266,1,16
2.7041666666666666,-0.4176065750297997,-1.2017676035643048,-0.38372430476389413,-0.17944476617364968,1,16
2.7083333333333335,-0.4157844425526505,-1.2056216000116582,-0.38103971838284006,-0.17625823096991955,1,16
2.7125,-0.4139016893129422,-1.2081264879300713,-0.3783286710633629,-0.17309417770337926,1,16
2.716666666666667,-0.41200537032617945,-1.2092795257796147,-0.37559135107154745,-0.16995282609867784,1,16
2.720833333333333,-0.4100896161854369,-1.2090778692707589,-0.37282794849796047,-0.16683439430397057,1,16
2.725,-0.40805753393905203,-1.2075187880625071,-0.3700386552444472,-0.16373909887576704,1,16
2.7291666666666665,-0.4059067013217542,-1.2045993122467469,-0.36722366501080766,-0.16066715476389537,1,16
2.7333333333333334,-0.403634353704468,-1.2003164688459382,-0.36438317328134295,-0.15761877529657264,1,16
2.7375,-0.4012337401511593,-1.1946673080866628,-0.3615173773112822,-0.15459417216559296,1,16
2.7416666666666667,-0.39870119696718154,-1.1876488898034039,-0.3586264761130821,-0.15159355541162423,1,16
2.745833333333333,-0.3960313352515622,-1.1795835162315644,-0.3557106704426092,-0.14861713340962474,1,16
2.75,-0.3932168980031,-1.1703053007280273,-0.35277016278519596,-0.14566511285437,1,16
2.7541666666666664,-0.39025635696915073,-1.1598111506415019,-0.3498051573415819,-0.14273769874610176,1,16
2.7583333333333333,-0.38713947239209434,-1.1482606065044245,-0.34681586001373066,-0.13983509437628938,1,16
2.7625,-0.3839516297939803,-1.1356500563539682,-0.34380247839053346,-0.13695750131351458,1,16
2.7666666666666666,-0.3806801709348539,-1.1227898886557146,-0.3407652217333923,-0.13410511938947278,1,16
2.7708333333333335,-0.37731725344755906,-1.1096762548284784,-0.33770430096168713,-0.13127814668509513,1,16
2.775,-0.37385457103129355,-1.0963053079659808,-0.334619928638131,-0.1284767795167951,1,16
2.779166666666667,-0.3702833047952043,-1.0826732058265696,-0.3315123189540062,-0.1257012124228329,1,16
2.783333333333333,-0.36659406854861715,-1.068776113634033,-0.32838168771429244,-0.12295163814980853,1,16
2.7875,-0.3628413710267135,-1.054609944153475,-0.32522825232267827,-0.12022824763927437,1,16
2.7916666666666665,-0.3590164592621053,-1.0401706619833508,-0.3220522317664659,-0.11753123001447746,1,16
2.7958333333333334,-0.3551100066241086,-1.0254542258375237,-0.3188538466013613,-0.11486077256722399,1,16
2.8,-0.351112046422303,-1.0104565905780145,-0.3156333189361608,-0.1122170607448752,1,16
2.8041666666666667,-0.34694299230800757,-0.9951740247395582,-0.31239087241732394,-0.10960027813746681,1,16
2.808333333333333,-0.34258878637058804,-0.9796027628181396,-0.30912673221344544,-0.10701060646496224,1,16
2.8125,-0.33817738272914233,-0.9637384080515377,-0.3058411249996159,-0.10444822556463068,1,16
2.8166666666666664,-0.3336981619378968,-0.9475766567247506,-0.30253427894168333,-0.10191331337856102,1,16
2.8208333333333333,-0.3291396834093171,-0.9311131947297123,-0.29920642368040534,-0.09940604594130253,1,16
2.825,-0.3244895780237476,-0.9143436935588631,-0.2958577903155047,-0.09692659736764214,1,16
2.8291666666666666,-0.31973442490255705,-0.8972638268530078,-0.29248861138961973,-0.09447513984051231,1,16
2.8333333333333335,-0.31485960885748393,-0.8798692725350361,-0.28909912087215445,-0.09205184359903351,1,16
2.8375,-0.30984915520118655,-0.8621557204504132,-0.28568955414303343,-0.0896568769266935,1,16
2.841666666666667,-0.3048211915709535,-0.8441181295193488,-0.2822601479763529,-0.08729040613965933,1,16
2.845833333333333,-0.2995895131259324,-0.8257524891581997,-0.2788111405239415,-0.08495259557522955,1,16
2.85,-0.2941307413022859,-0.8070547405291962,-0.2753427712988188,-0.08264360758042011,1,16
2.8541666666666665,-0.2887919544947164,-0.7880187263280037,-0.27185528115856566,-0.08036360250069202,1,16
2.8583333333333334,-0.2831840218390563,-0.7686406520266461,-0.2683489122885951,-0.07811273866881463,1,16
2.8625,-0.2772755919567481,-0.7489166297097999,-0.2648239081853369,-0.07589117239387222,1,16
2.8666666666666667,-0.27103137299980395,-0.7288429348239551,-0.26128051363932536,-0.07369905795040715,1,16
2.870833333333333,-0.26441147201821724,-0.7084160474902842,-0.2577189747182029,-0.07153654756770877,1,16
2.875,-0.2573706003577408,-0.6876327056851357,-0.2541395387496292,-0.06940379141923958,1,16
2.8791666666666664,-0.24985711594707527,-0.666489970586026,-0.25054245430410876,-0.06730093761220884,1,16
2.8833333333333333,-0.24231043696664636,-0.644981985561481,-0.2469279711777262,-0.0652281321772854,1,16
2.8875,-0.23418941273645189,-0.6231061476805284,-0.243296340374802,-0.06318551905845832,1,16
2.8916666666666666,-0.22541812016327467,-0.6008606110731544,-0.2396478140904606,-0.06117324010304015,1,16
2.8958333333333335,-0.21673014862907586,-0.5782384887954808,-0.23598264569311583,-0.05919143505181601,1,16
2.9,-0.20749076860128657,-0.5556433647122515,-0.23230108970687868,-0.05724024152934054,1,16
2.904166666666667,-0.197627001280846,-0.5330725343685199,-0.228603401793879,-0.05531979503437945,1,16
2.908333333333333,-0.18776614253100757,-0.5105187800221982,-0.22488983873651439,-0.0534302289305012,1,16
2.9125,-0.17867375294597232,-0.48796829759294647,-0.2211606584196151,-0.05157167443681443,1,16
2.9166666666666665,-0.17046692292090482,-0.465405920640056,-0.21741611981253858,-0.049744260618856895,1,16
2.9208333333333334,-0.16328538534861295,-0.4428162899866972,-0.21365648295118247,-0.047948114379631146,1,16
2.925,-0.15691406673256536,-0.42018692764651216,-0.20988200891992984,-0.04618336045079341,1,16
2.9291666666666667,-0.15149040093408428,-0.39750482923906455,-0.20609295983351514,-0.04445012138399035,1,16
2.933333333333333,-0.14718086661669605,-0.3747569703874107,-0.20228959881882524,-0.04274851754234987,1,16
2.9375,-0.1436913276416442,-0.35193436710716297,-0.19847218999662353,-0.04107866709212116,1,16
2.9416666666666664,-0.1411730698344908,-0.3290262890722462,-0.1946409984632116,-0.03944068599447037,1,16
2.9458333333333333,-0.13981148193481036,-0.3060220882024859,-0.19079629027201653,-0.037834687997426175,1,16
2.95,-0.1394986969828539,-0.28291403365469114,-0.186938332415118,-0.036260784627982046,1,16
2.9541666666666666,-0.14006527772008764,-0.2596957885840554,-0.18306739280470613,-0.034719085184350795,1,16
2.9583333333333335,-0.14167516193859916,-0.2363588351904428,-0.17918374025447514,-0.03320969672837376,1,16
2.9625,-0.144032336587796,-0.21310234956371582,-0.17528764446095885,-0.03173272407808758,1,16
2.966666666666667,-0.1472449490953351,-0.1899185826946663,-0.1713793759847986,-0.030288269800443413,1,16
2.970833333333333,-0.1507957648055035,-0.16700870332664847,-0.16745920623195765,-0.028876434204186008,1,16
2.975,-0.15463872807036813,-0.1443657914883502,-0.16352740743487032,-0.02749731533288624,1,16
2.9791666666666665,-0.15830197606456006,-0.12198652170941879,-0.1595842526335405,-0.026151008958134103,1,16
2.9833333333333334,-0.16204413556473585,-0.0996574663783062,-0.15563001565657725,-0.024837608572886416,1,16
2.9875,-0.16569406871262427,-0.07737287316983958,-0.1516649711021823,-0.023557205384975743,1,16
2.9916666666666667,-0.16898141862334426,-0.05533122095114462,-0.14768939431907768,-0.022309888310775294,1,16
2.995833333333333,-0.17163244658162036,-0.03352736468815607,-0.1437035613873876,-0.02109574396902536,1,16
3.0,-0.17336960644869145,-0.011956383770492846,-0.13970774909946293,-0.019914856674817016,1,16
3.0041666666666664,-0.17523241911355694,0.009397520695634695,-0.1357022349406632,-0.018767308433738028,1,16
3.0083333333333333,-0.17703348187554124,0.03053953557919218,-0.13168729707008325,-0.017653178936177016,1,16
3.0125,-0.17859726894404426,0.05147479674905028,-0.12766321430123995,-0.016572545551790496,1,16
3.0166666666666666,-0.17978574462982047,0.07220869277812787,-0.12363026608270879,-0.015525483324129175,1,16
3.0208333333333335,-0.18051008068976945,0.09274678620445616,-0.11958873247871668,-0.01451206496542684,1,16
3.025,-0.1817405804141884,0.1131034552489391,-0.11553889414969612,-0.013532360851551295,1,16
3.029166666666667,-0.18234428697427954,0.13327542338222767,-0.11148103233279157,-0.012586439017116535,1,16
3.033333333333333,-0.1831797609226042,0.15327580584341424,-0.10741542882233261,-0.01167436515075887,1,16
3.0375,-0.18336572510399082,0.17310320150650677,-0.10334236595026165,-0.01079620259057451,1,16
3.0416666666666665,-0.1836336982116318,0.19276942187470125,-0.09926212656653102,-0.009952012319721926,1,16
3.0458333333333334,-0.1839005407522025,0.21227947482842616,-0.09517499401945731,-0.009141852962185948,1,16
3.05,-0.18406253290078592,0.2312311365177831,-0.09108125213604794,-0.008365780778707754,1,16
3.0541666666666667,-0.18408864957986742,0.249629827160193,-0.08698118520228768,-0.007623849662876825,1,16
3.058333333333333,-0.18395811300059506,0.26748082473104773,-0.08287507794340007,-0.00691611113738938,1,16
3.0625,-0.18365704950986145,0.28478924308543696,-0.0787632155040715,-0.006242614350469522,1,16
3.0666666666666664,-0.18317615668696924,0.3015600208795892,-0.07464588342865314,-0.005603406072456907,1,16
3.0708333333333333,-0.18250910046898328,0.31779791591942286,-0.07052336764132801,-0.004998530692558345,1,16
3.075,-0.18165142059001577,0.3335075030847612,-0.06639595442625837,-0.004428030215765488,1,16
3.0791666666666666,-0.18059978503514004,0.3486931746168674,-0.06226393040770366,-0.0038919442599378296,1,16
3.0833333333333335,-0.1793514825064689,0.36335914198969954,-0.05812758253011483,-0.0033903100530511265,1,16
3.0875,-0.17792467010078417,0.37791655009257835,-0.053987198038210865,-0.002923162430612747,1,16
3.091666666666667,-0.17631698058882272,0.3923691305436239,-0.049843064457027776,-0.002490533833241937,1,16
3.095833333333333,-0.1745270369070907,0.4067205604954619,-0.04569546957195526,-0.002092454304417568,1,16
3.1,-0.17295779941694125,0.4201637044833887,-0.0415447014087482,-0.0017289514883912505,1,16
3.1041666666666665,-0.17114525549686402,0.4326982206495339,-0.03739104821352848,-0.0014000506282681457,1,16
3.1083333333333334,-0.16948571836628853,0.444340812789499,-0.03323479843276453,-0.0011057745642534256,1,16
3.1125,-0.16794311014481353,0.45512433155702514,-0.02907624069324392,-0.000846143732066762,1,16
3.1166666666666667,-0.16611975665972134,0.465068413895803,-0.02491566378202645,-0.0006211761615226297,1,16
3.120833333333333,-0.16436821971139495,0.4741985792125886,-0.020753356626393146,-0.0004308874752785852,1,16
3.125,-0.16180388424898387,0.48253021238415017,-0.01658960827377841,-0.0002752908877503013,1,16
3.1291666666666664,-0.15928724625648757,0.4900930777046333,-0.012424707871700967,-0.0001543972041937458,1,16
3.1333333333333333,-0.15597868074085577,0.4968820209394103,-0.008258944647680747,-6.821481995511469e-05,1,16
3.1375,-0.15191670220045167,0.5037548011024182,-0.004092607889156847,-1.6749719887521053e-05,1,16
3.1416666666666666,-0.1471206028264136,0.5107146544399481,7.401307660307642e-05,-5.477935549613733e-09,1,16
3.1458333333333335,-0.14214285619629455,0.5177691854939985,0.0042406289025962015,-1.7983256887066368e-05,1,16
3.15,-0.13697801902150156,0.5249198948404206,0.008406950242174856,-7.068180829244985e-05,1,16
3.154166666666667,-0.1312566536546187,0.5321656615815596,0.012572687769143472,-0.00015809747255118856,1,16
3.158333333333333,-0.12506240592025997,0.5395104582356346,0.016737552197847012,-0.000280224179166233,1,16
3.1625,-0.11847413801875804,0.5469580490709258,0.020901254303263686,-0.00043705344716538086,1,16
3.1666666666666665,-0.11149691646864794,0.5544707622372085,0.025063504941086362,-0.0006285743856901949,1,16
3.1708333333333334,-0.10420294301970087,0.5620522127050341,0.029224015067805455,-0.0008547736947525642,1,16
3.175,-0.09659477449429911,0.5697051792534913,0.03338249576077773,-0.0011156356661579658,1,16
3.1791666666666667,-0.08931478848696905,0.5774370561762219,0.037538658238293825,-0.0014111421845965921,1,16
3.183333333333333,-0.08233776551170124,0.5852461977327555,0.041692213879628834,-0.001741272728901122,1,16
3.1875,-0.07563980522774187,0.5931311566054653,0.04584287424508888,-0.0021060043734721368,1,16
3.1916666666666664,-0.06913834476350615,0.6010902482543472,0.04999035109603798,-0.0025053117898696242,1,16
3.1958333333333333,-0.06281457624368234,0.6091227411586448,0.05413435641491803,-0.0029391672485724607,1,16
3.2,-0.056650717379386775,0.6172280106375844,0.05827460242524682,-0.003407540620903704,1,16
3.2041666666666666,-0.05062996384285299,0.6254055215452659,0.06241080161160373,-0.003910399381122864,1,16
3.2083333333333335,-0.04472132384163308,0.6328408214916408,0.06654266673959727,-0.004447708608684875,1,16
3.2125,-0.03885941869869746,0.6403471307263324,0.07066991087580873,-0.005019430990664819,1,16
3.216666666666667,-0.033032935303645566,0.6479243265030161,0.07479224740772152,-0.005625526824349303,1,16
3.220833333333333,-0.027231180287044864,0.6555723190393452,0.07890939006362113,-0.006265954019993358,1,16
3.225,-0.021444049440287494,0.6632910487097288,0.08302105293247862,-0.006940668103743719,1,16
3.2291666666666665,-0.015661999364231204,0.6710804821680446,0.08712695048380178,-0.007649622220726682,1,16
3.2333333333333334,-0.009912236520827001,0.6781269447336477,0.0912267975874672,-0.008392767138302504,1,16
3.2375,-0.004139180773605412,0.6852844406373813,0.09532030953351718,-0.009170051249483668,1,16
3.2416666666666667,0.0016644398147525044,0.6925528485298852,0.09940720205193479,-0.009981420576519573,1,16
3.245833333333333,0.007505498348216262,0.6999320651554555,0.10348719133238111,-0.01082681877464381,1,16
3.25,0.013391067802825396,0.7073813340732338,0.10755999404390776,-0.011706187135988255,1,16
3.2541666666666664,0.01933946448056192,0.7140866812876374,0.111625327354629,-0.012619464593658702,1,16
3.2583333333333333,0.0253549658092442,0.7209026606512601,0.11568290895136621,-0.013566587725976686,1,16
3.2624999999999997,0.0314429009876946,0.7278291123808405,0.11973245705924941,-0.014547490760882964,1,16
3.2666666666666666,0.037608302032737406,0.7348658898557756,0.12377369046128826,-0.01556210558050558,1,16
3.2708333333333335,0.04382380628976475,0.7411991784833044,0.12780632851789794,-0.016610361725889755,1,16
3.275,0.05009466980180824,0.7476425036128729,0.1318300911863892,-0.017692186401890964,1,16
3.279166666666667,0.05642626669845071,0.754195403350289,0.13584469904041677,-0.018807504482230508,1,16
3.283333333333333,0.06282370792458197,0.7608574313473341,0.13984987328938117,-0.019956238514712066,1,16
3.2875,0.06930181013282635,0.7668141894471702,0.14384533579779216,-0.021138308726600663,1,16
3.2916666666666665,0.07586545249062644,0.7728791534716085,0.14783080910458044,-0.02235363303016208,1,16
3.2958333333333334,0.08251898249095609,0.7790518215453602,0.15180601644236882,-0.023602127028363784,1,16
3.3,0.08927598171160099,0.7845177456169689,0.15577068175668893,-0.024883704020735198,1,16
3.3041666666666667,0.09614084355047667,0.7901309922525429,0.15972452972515472,-0.026198275009389427,1,16
3.308333333333333,0.1031351346420919,0.7942630542470165,0.1636672857765787,-0.027545748705202433,1,16
3.3125,0.10986277624810921,0.7969156266322107,0.16759867611004273,-0.02892603153415385,1,16
3.3166666666666664,0.11658045399288296,0.7981240862306404,0.17151842771390824,-0.0303390276438239,1,16
3.3208333333333333,0.1233123686341485,0.7979671438359421,0.17542626838477882,-0.03178463891005079,1,16
3.3249999999999997,0.12998768734409824,0.7964425116044395,0.17932192674639977,-0.03326276494374392,1,16
3.3291666666666666,0.13663601586098545,0.7951743674243809,0.18320513226850682,-0.03477330309785648,1,16
3.3333333333333335,0.14325541082556253,0.7925318237408916,0.18707561528560998,-0.036316148474512366,1,16
3.3375,0.14986347039832407,0.7901390770957873,0.19093310701572141,-0.037891193932291456,1,16
3.341666666666667,0.15645208397939758,0.787992910090734,0.19477733957902207,-0.03949833009367021,1,16
3.345833333333333,0.16300100073113422,0.7860901568375762,0.19860804601646134,-0.04113744535261632,1,16
3.35,0.16951403540898763,0.7844273977859084,0.20242496030829915,-0.042808425882340295,1,16
3.3541666666666665,0.17597077762750563,0.7830014054032511,0.20622781739257612,-0.044511155643198796,1,16
3.3583333333333334,0.18237509796511459,0.7818086918834656,0.21001635318352382,-0.04624551639075414,1,16
3.3625,0.18873096827219107,0.7808458177578257,0.21379030458990073,-0.048011387683984386,1,16
3.3666666666666667,0.19499349114138606,0.7801096873260654,0.2175494095332655,-0.04980864689364861,1,16
3.370833333333333,0.20116669834217485,0.7795966413075768,0.2212934069661736,-0.05163716921080147,1,16
3.375,0.20725475323403383,0.7793030786651641,0.2250220368903088,-0.053496827655461654,1,16
3.3791666666666664,0.21326193674356556,0.7792254454927626,0.2287350403745351,-0.05538749308542862,1,16
3.3833333333333333,0.21914351622523248,0.7793605271056916,0.23243215957288127,-0.05730903420525213,1,16
3.3874999999999997,0.22490402673419668,0.7797045820248348,0.23611313774244355,-0.059261317575348416,1,16
3.3916666666666666,0.230548133102392,0.7802539199585913,0.23977771926121802,-0.06124420762126853,1,16
3.3958333333333335,0.2361589742225683,0.7810044407217317,0.24342564964584928,-0.06325756664311144,1,16
3.4,0.24169213049475172,0.7819532688027279,0.24705667556930408,-0.06530125482508736,1,16
3.404166666666667,0.247152355742869,0.7830970269393145,0.25067054487846435,-0.06737513024522762,1,16
3.408333333333333,0.25254443998724796,0.7844323719152316,0.2542670066116352,-0.06947904888523876,1,16
3.4125,0.25787320343479136,0.78595601379662,0.25784581101597576,-0.07161286464050565,1,16
3.4166666666666665,0.2631620233438294,0.7860367362343648,0.26140670956483975,-0.07377642933023576,1,16
3.4208333333333334,0.26838319585276554,0.7846710848250621,0.26494945497503763,-0.07596959270775105,1,16
3.425,0.2735384615992083,0.7834827622226247,0.2684738012240055,-0.07819220247092018,1,16
3.4291666666666667,0.2786320363366606,0.7824678843331142,0.2719795035668932,-0.08044410427273663,1,16
3.433333333333333,0.28366821473627646,0.7816226176982289,0.2754663185535573,-0.08272514173203521,1,16
3.4375,0.28860247291683744,0.7809434423460808,0.2789340040454701,-0.08503515644435411,1,16
3.4416666666666664,0.29343912881273937,0.7804263512733599,0.28238231923253204,-0.08737398799293278,1,16
3.4458333333333333,0.2981825957058552,0.780067370817885,0.28581102464979713,-0.0897414739598541,1,16
3.4499999999999997,0.30283736931942984,0.7798625641598875,0.2892198821940997,-0.09213744993732131,1,16
3.4541666666666666,0.30740801644339444,0.7798080298160365,0.29260865514059214,-0.09456174953907714,1,16
3.4583333333333335,0.3118501051962743,0.7799001962596228,0.29597710815918127,-0.09701420441195657,1,16
3.4625,0.3161683554464071,0.7801350107671694,0.299325007330872,-0.09949464424757881,1,16
3.466666666666667,0.32036756385124876,0.7805084626696147,0.3026521201640123,-0.10200289679417479,1,16
3.470833333333333,0.32445259390819364,0.781016579869792,0.30595821561043635,-0.10453878786854742,1,16
3.475,0.3285065931104189,0.7816549524750244,0.309243064081512,-0.10710214136816948,1,16
3.4791666666666665,0.3325342141477551,0.7824199940654508,0.31250643746408135,-0.10969277928341087,1,16
3.4833333333333334,0.3364912723129176,0.7833084337009624,0.31574810913630513,-0.11231052170990252,1,16
3.4875,0.3403825496619849,0.7843165224161746,0.31896785398339694,-0.11495518686102735,1,16
3.4916666666666667,0.3442128229791584,0.7854405412979003,0.3221654484132594,-0.11762659108054663,1,16
3.495833333333333,0.3479666366710323,0.785049103877043,0.325340670372008,-0.12032454885535138,1,16
3.5,0.3516989706478309,0.7831375630859321,0.32849329935939453,-0.1230488728283477,1,16
3.5041666666666664,0.3554069956286479,0.7813293287045422,0.33162311644411685,-0.12579937381146494,1,16
3.5083333333333333,0.3590950154881808,0.779620201162872,0.33472990427902466,-0.12857586079879652,1,16
3.5124999999999997,0.36271828765578135,0.7780062920786289,0.33781344711621064,-0.1313781409798611,1,16
3.5166666666666666,0.3662808925217944,0.776483254396995,0.34087353082199545,-0.13420601975299523,1,16
3.5208333333333335,0.36978695032099734,0.7750467571531335,0.34390994289179566,-0.1370593007388647,1,16
3.525,0.3732406172743211,0.773692483520056,0.34692247246488184,-0.13993778579410293,1,16
3.529166666666667,0.37664607957462976,0.7724161296495238,0.3499109103390228,-0.14284127502507182,1,16
3.533333333333333,0.38000754760101235,0.7712134035303564,0.3528750489850109,-0.14576956680174108,1,16
3.5375,0.3833292503862981,0.7700800238710388,0.35581468256107646,-0.14872245777169246,1,16
3.5416666666666665,0.3865654486978864,0.7690120208370825,0.35872960692717965,-0.1516997428742391,1,16
3.5458333333333334,0.3897202129830579,0.7680049730300375,0.36161961965918943,-0.1547012153546683,1,16
3.55,0.39279763259368183,0.7670544700361759,0.36448452006293797,-0.1577266667785967,1,16
3.5541666666666667,0.39580181780716617,0.7661561149591571,0.3673241091881602,-0.16077588704644746,1,16
3.558333333333333,0.39873687755544496,0.765305515544077,0.3701381898423075,-0.16384866440803791,1,16
3.5625,0.40160693138031134,0.7644982901951441,0.3729265666042437,-0.1669447854772867,1,16
3.5666666666666664,0.40441609856665567,0.7637300639563561,0.37568904583781376,-0.17006403524702995,1,16
3.5708333333333333,0.40716849353279594,0.7629964670776408,0.3784254357052926,-0.17320619710395446,1,16
3.5749999999999997,0.40981754750067073,0.7622934420593637,0.38113554618070533,-0.17637105284363785,1,16
3.5791666666666666,0.41236723765742295,0.7616164937231413,0.38381918906302526,-0.17955838268570412,1,16
3.5833333333333335,0.4148215315670225,0.7609611338934159,0.38647617798924155,-0.18276796528908357,1,16
3.5875,0.4171843829974504,0.7603228809449125,0.38910632844730186,-0.18599957776738507,1,16
3.591666666666667,0.4195411429388934,0.7596967583893751,0.39170945778892635,-0.18925299570437476,1,16
3.595833333333333,0.42189580627553447,0.7590784787574569,0.3942853852422896,-0.1925279931695582,1,16
3.6,0.4242523328493889,0.7584637482031585,0.39683393192457656,-0.19582434273387272,1,16
3.6041666666666665,0.42661465074171145,0.7578482665071279,0.39935492085440233,-0.1991418154854782,1,16
3.6083333333333334,0.4289866558432979,0.7572277264174336,0.40184817696410485,-0.2024801810456563,1,16
3.6125,0.43137221175492346,0.7565978130284863,0.4043135271119003,-0.20583920758480628,1,16
3.6166666666666667,0.43372383806531273,0.7559545206093894,0.4067508000939084,-0.20921866183854693,1,16
3.620833333333333,0.4360452231393991,0.7552933955443514,0.4091598266560401,-0.21261830912391233,1,16
3.625,0.43834002451222814,0.7546099772980983,0.41154043950575275,-0.2160379133556526,1,16
3.6291666666666664,0.44061186329542534,0.7538997953996033,0.4138924733236657,-0.219477237062625,1,16
3.6333333333333333,0.44286432387904184,0.7531583684276428,0.4162157647750429,-0.22293604140428847,1,16
3.6374999999999997,0.44510095394271504,0.752381203041937,0.41851015252113344,-0.22641408618728626,1,16
3.6416666666666666,0.44732526476912277,0.7515637930535778,0.42077547723037745,-0.2299111298821292,1,16
3.6458333333333335,0.4495407318564639,0.7507016185336925,0.4230115815894692,-0.2334269296399657,1,16
3.65,0.45175079582729527,0.7497901449592237,0.4252183103142822,-0.23696124130944735,1,16
3.654166666666667,0.453958863631767,0.7488248223946494,0.42739551016065336,-0.24051381945368483,1,16
3.658333333333333,0.4561161896894424,0.7478014104355376,0.42954302993502336,-0.24408441736728959,1,16
3.6625,0.4582259296339466,0.7467152116623175,0.4316607205049381,-0.24767278709350882,1,16
3.6666666666666665,0.46029118948078146,0.7455615162177994,0.433748434809403,-0.2512786794414417,1,16
3.6708333333333334,0.46231502666492713,0.7443355974120595,0.4358060278690975,-0.2549018440033475,1,16
3.675,0.46430045038832785,0.7430327105412476,0.4378333567964411,-0.25854202917203106,1,16
3.6791666666666667,0.4662504221955033,0.7416480917382441,0.439830280805518,-0.2621989821583196,1,16
3.683333333333333,0.468167856771846,0.7401769568524416,0.4417966612218518,-0.26587244900861345,1,16
3.6875,0.4700556229603964,0.7386145003562008,0.4437323614920376,-0.269562174622525,1,16
3.6916666666666664,0.47191654499372787,0.7369558942755152,0.44563724719322306,-0.2732679027705909,1,16
3.6958333333333333,0.47375340393855075,0.7351962871424553,0.44751118604244483,-0.2769893761120687,1,16
3.6999999999999997,0.47554214524571775,0.733330970751429,0.4493540479058133,-0.2807263362128044,1,16
3.7041666666666666,0.47728527618308286,0.7313549975133203,0.45116570480755114,-0.2844785235631826,1,16
3.7083333333333335,0.478985245685547,0.7292633946107663,0.4529460309388792,-0.2882456775961447,1,16
3.7125,0.48064444547645246,0.7270511631053586,0.45469490266675366,-0.29202753670528536,1,16
3.716666666666667,0.48226521081583024,0.7247132767585924,0.45641219854245213,-0.2958238382630204,1,16
3.720833333333333,0.4838498213588553,0.7222446808635531,0.4580977993100064,-0.29963431863882206,1,16
3.725,0.4854005021188561,0.7196402910852258,0.45975158791448534,-0.3034587132175296,1,16
3.7291666666666665,0.486891743231298,0.71689516807339,0.4613734495101223,-0.30729675641772247,1,16
3.7333333333333334,0.4883253554989891,0.714004126299461,0.4629632714682921,-0.311148181710166,1,16
3.7375,0.48970306731565927,0.7109619491390097,0.4645209433853305,-0.31501272163631744,1,16
3.7416666666666667,0.4910265240456358,0.7077633878923298,0.466046357090203,-0.31889010782690247,1,16
3.745833333333333,0.4922972867500027,0.7044031604980469,0.46753940665201493,-0.3227800710205486,1,16
3.75,0.49351683076412,0.7008759502489188,0.46899998838736945,-0.32668234108248706,1,16
3.7541666666666664,0.4946865440969991,0.697176404508007,0.47042800086756587,-0.33059664702330877,1,16
3.7583333333333333,0.4958077256195622,0.6932991334231546,0.47182334492564515,-0.33452271701778613,1,16
3.7624999999999997,0.4968815830052679,0.6892387086377655,0.4731859236632748,-0.3384602784237465,1,16
3.7666666666666666,0.4978796472276779,0.6849898547744864,0.4745156424574792,-0.3424090578010087,1,16
3.7708333333333335,0.49880238761485407,0.6805470378703145,0.47581240896720967,-0.3463687809303694,1,16
3.775,0.4996501202106831,0.6759046847589231,0.4770761331397574,-0.3503391728326465,1,16
3.779166666666667,0.5004230001236796,0.6710571821087622,0.47830672721700745,-0.3543199577877765,1,16
3.783333333333333,0.5012195939072519,0.6659982231750416,0.479504105741532,-0.35831085935395873,1,16
3.7875,0.502041865347834,0.6607221638146566,0.4806681855625262,-0.36231160038685584,1,16
3.7916666666666665,0.5027908045784617,0.6552239850095045,0.48179888584158104,-0.3663219030588364,1,16
3.7958333333333334,0.5035683048807046,0.6494972011511733,0.4828961280582985,-0.3703414888782717,1,16
3.8,0.5043763535252168,0.643536013438333,0.48395983601574316,-0.3743700787088722,1,16
3.8041666666666667,0.5052169861926599,0.6373345708971785,0.4849899358457345,-0.378407392789075,1,16
3.808333333333333,0.5059854105743548,0.6308876949132132,0.485986356013976,-0.38245315075146846,1,16
3.8125,0.5067891476637018,0.6241886233598293,0.4869490273250231,-0.38650707164226533,1,16
3.8166666666666664,0.5076242686899297,0.6175565964149208,0.4878778829270882,-0.3905688739408098,1,16
3.8208333333333333,0.5083795989311084,0.6109860104938001,0.4887728583166836,-0.39463827557913095,1,16
3.8249999999999997,0.5091669701469745,0.6044696346101359,0.4896338913430999,-0.39871499396152743,1,16
3.8291666666666666,0.5099575474669775,0.597676107149253,0.49046092221272325,-0.4027987459841951,1,16
3.8333333333333335,0.5107454927596684,0.5909246124824192,0.4912538934931866,-0.4068892480548843,1,16
3.8375,0.5115305074646399,0.584208705132076,0.49201275011735857,-0.41098621611259467,1,16
3.841666666666667,0.512312193256718,0.57752194707579,0.4927374393871675,-0.41508936564730287,1,16
3.845833333333333,0.5130900369418457,0.5708579044668548,0.49342791097726085,-0.41919841171971706,1,16
3.85,0.5138634019064621,0.5642101465453683,0.4940841169385002,-0.4233130689810678,1,16
3.8541666666666665,0.5146315189201137,0.5575722445425456,0.49470601170129075,-0.4274330516929202,1,16
3.8583333333333334,0.5153934761816802,0.5509377705725576,0.4952935520787462,-0.43155807374702027,1,16
3.8625,0.5161482085060483,0.5443002965140374,0.4958466972696875,-0.43568784868516003,1,16
3.8666666666666667,0.5168944855332875,0.5376533928837007,0.49636540886147656,-0.4398220897190737,1,16
3.870833333333333,0.5176308988254302,0.5309906277048634,0.4968496508326834,-0.44396050975035023,1,16
3.875,0.5183558476965532,0.5243055653740636,0.49729938955558806,-0.4481028213903735,1,16
3.8791666666666664,0.5190675235995758,0.5175917655295013,0.49771459379851546,-0.4522487369802769,1,16
3.8833333333333333,0.5197639051805254,0.5108427849360927,0.4980952347280045,-0.4563979686109225,1,16
3.8874999999999997,0.5204427019213077,0.5040521671824177,0.49844128591081027,-0.4605502281428915,1,16
3.8916666666666666,0.5211013704167724,0.4972134509431715,0.4987527233157397,-0.4647052272264971,1,16
3.8958333333333335,0.5217370780048253,0.4903201657297721,0.4990295253153204,-0.4688626773218056,1,16
3.9,0.5222958144596911,0.483366212842777,0.4992716726873025,-0.4730222897186751,1,16
3.904166666666667,0.5228488180910518,0.4755306103171811,0.4994791486159936,-0.4771837755568063,1,16
3.908333333333333,0.5233159327685695,0.467621270006033,0.49965193869342645,-0.48134684584579845,1,16
3.9125,0.5236898910187338,0.4596314790922765,0.4997900309203596,-0.4855112114852222,1,16
3.9166666666666665,0.5240464801004406,0.45073997847923947,0.4998934157071106,-0.4896765832846919,1,16
3.9208333333333334,0.5242962604276594,0.44175454899692773,0.49996208587422186,-0.4938426719839518,1,16
3.925,0.5245185065101099,0.43185366568418365,0.4999960366529594,-0.49800918827296015,1,16
3.9291666666666667,0.5246156891386685,0.42184497627601225,0.4999952656856438,-0.5021758428119832,1,16
3.933333333333333,0.5246711372926245,0.4109066805392157,0.4999597730258143,-0.5063423462516851,1,16
3.9375,0.5245769468453886,0.39984630661210435,0.4998895611382246,-0.5105084092532242,1,16
3.9416666666666664,0.5244210695522893,0.38784177096310457,0.499784634898672,-0.5146737425083434,1,16
3.9458333333333333,0.5241558046930552,0.37569992802537094,0.4996450015936587,-0.5188380567594637,1,16
3.9499999999999997,0.5237649466077728,0.36341315232491067,0.499470670919886,-0.523001062819768,1,16
3.9541666666666666,0.5232298698672958,0.35097381390865817,0.4992616549835806,-0.5271624715932872,1,16
3.9583333333333335,0.5225291221291887,0.3383742836301847,0.499017968299654,-0.5313219940949729,1,16
3.9625,0.5216379452024663,0.3256069403731447,0.49873962779069475,-0.5354793414707669,1,16
3.966666666666667,0.5208346006419902,0.31266172015306326,0.4984266527857929,-0.5396342250176619,1,16
3.970833333333333,0.5197956351635009,0.299533203150237,0.4980790650191981,-0.5437863562037473,1,16
3.975,0.5188302444494478,0.2862110001684613,0.49769688862880995,-0.5479354466882489,1,16
3.9791666666666665,0.5179382823720416,0.27268699953023257,0.49728015015450205,-0.5520812083415498,1,16
3.9833333333333334,0.5171189904694767,0.25895305411249153,0.4968288785362786,-0.5562233532652021,1,16
3.9875,0.5163707606713539,0.2450009808841015,0.49634310511226526,-0.5603615938119165,1,16
3.9916666666666667,0.5152374759451424,0.2308262857123602,0.4958228636165322,-0.5644956426055412,1,16
3.995833333333333,0.5141381008712977,0.21641742171913403,0.4952681901767521,-0.568625212561015,1,16
